Recall,Precision
1.0,0.029912911775842484
1.0,0.03001519756838906
1.0,0.030026605853287723
1.0,0.03003802281368821
1.0,0.0300494484594903
1.0,0.030060882800608826
1.0,0.030072325846973735
1.0,0.030083777608530083
1.0,0.030095238095238095
1.0,0.03010670731707317
1.0,0.030118185284025923
1.0,0.030129672006102212
1.0,0.03014116749332316
1.0,0.03015267175572519
1.0,0.030164184803360063
1.0,0.030175706646294882
1.0,0.030187237294612153
1.0,0.030198776758409786
1.0,0.030210325047801148
1.0,0.030221882172915073
1.0,0.030233448143895905
1.0,0.03024502297090352
1.0,0.030256606664113367
1.0,0.030268199233716476
1.0,0.03027980068991951
1.0,0.030291411042944784
1.0,0.030303030303030304
1.0,0.030314658480429777
1.0,0.03032629558541267
1.0,0.030337941628264208
1.0,0.03034959661928544
1.0,0.030361260568793236
1.0,0.03037293348712034
1.0,0.030384615384615385
1.0,0.03039630627164294
1.0,0.030408006158583526
1.0,0.030419715055833654
1.0,0.030431432973805857
1.0,0.03044315992292871
1.0,0.030454895913646876
1.0,0.030466640956421133
1.0,0.030478395061728395
1.0,0.03049015824006175
1.0,0.0305019305019305
1.0,0.030513711857860178
1.0,0.030525502318392583
1.0,0.030537301894085815
1.0,0.03054911059551431
1.0,0.03056092843326886
1.0,0.030572755417956655
1.0,0.030584591560201317
1.0,0.030596436870642913
1.0,0.03060829135993801
1.0,0.03062015503875969
1.0,0.030632027917797598
1.0,0.03064391000775795
1.0,0.0306558013193636
1.0,0.030667701863354036
1.0,0.030679611650485435
1.0,0.030691530691530692
1.0,0.03070345899727944
1.0,0.030715396578538102
1.0,0.03072734344612991
1.0,0.03073929961089494
1.0,0.030751265083690152
1.0,0.030763239875389408
1.0,0.03077522399688352
1.0,0.03078721745908028
1.0,0.030799220272904482
1.0,0.03081123244929797
1.0,0.030823253999219664
1.0,0.03083528493364559
1.0,0.03084732526356892
1.0,0.030859375
1.0,0.03087143415396639
1.0,0.0308835027365129
1.0,0.030895580758701604
1.0,0.030907668231611892
1.0,0.03091976516634051
1.0,0.030931871574001565
1.0,0.030943987465726595
1.0,0.030956112852664575
1.0,0.030968247745981968
1.0,0.030980392156862744
1.0,0.030992546096508436
1.0,0.031004709576138146
1.0,0.031016882606988615
1.0,0.031029065200314218
1.0,0.031041257367387033
1.0,0.031053459119496855
1.0,0.03106567046795124
1.0,0.03107789142407553
1.0,0.03109012199921291
1.0,0.03110236220472441
1.0,0.031114612051988972
1.0,0.031126871552403467
1.0,0.031139140717382736
1.0,0.031151419558359622
1.0,0.03116370808678501
1.0,0.031176006314127862
1.0,0.031188314251875248
1.0,0.031200631911532384
1.0,0.03121295930462268
1.0,0.031225296442687747
1.0,0.031237643337287464
1.0,0.03125
1.0,0.03126236644242184
1.0,0.03127474267616785
1.0,0.03128712871287129
1.0,0.031299524564183834
1.0,0.031311930241775664
1.0,0.03132434575733545
1.0,0.03133677112257041
1.0,0.03134920634920635
1.0,0.03136165144898769
1.0,0.03137410643367752
1.0,0.03138657131505761
1.0,0.031399046104928455
1.0,0.03141153081510934
1.0,0.031424025457438345
1.0,0.031436530043772386
1.0,0.03144904458598726
1.0,0.0314615690959777
1.0,0.03147410358565737
1.0,0.031486648066958944
1.0,0.03149920255183413
1.0,0.03151176705225369
1.0,0.031524341580207504
1.0,0.03153692614770459
1.0,0.03154952076677316
1.0,0.031562125449460646
1.0,0.03157474020783373
1.0,0.03158736505397841
1.0,0.0316
1.0,0.031612645058023206
1.0,0.03162530024019215
1.0,0.031637965558670406
1.0,0.031650641025641024
1.0,0.031663326653306616
1.0,0.031676022453889334
1.0,0.03168872843963097
1.0,0.03170144462279294
1.0,0.031714171015656364
1.0,0.03172690763052209
1.0,0.03173965447971073
1.0,0.0317524115755627
1.0,0.03176517893043828
1.0,0.03177795655671762
1.0,0.0317907444668008
1.0,0.03180354267310789
1.0,0.031816351188078934
1.0,0.031829170024174055
1.0,0.03184199919387344
1.0,0.03185483870967742
1.0,0.0318676885841065
1.0,0.03188054882970137
1.0,0.03189341945902301
1.0,0.031906300484652664
1.0,0.03191919191919192
1.0,0.03193209377526273
1.0,0.03194500606550748
1.0,0.031957928802589
1.0,0.03197086199919061
1.0,0.031983805668016195
1.0,0.0319967598217902
1.0,0.0320097244732577
1.0,0.032022699635184435
1.0,0.03203568532035685
1.0,0.03204868154158215
1.0,0.03206168831168831
1.0,0.03207470564352416
1.0,0.032087733549959384
1.0,0.0321007720438846
1.0,0.03211382113821138
1.0,0.032126880845872306
1.0,0.03213995117982099
1.0,0.032153032153032154
1.0,0.03216612377850163
1.0,0.03217922606924643
1.0,0.03219233903830481
1.0,0.03220546269873624
1.0,0.03221859706362153
1.0,0.03223174214606283
1.0,0.03224489795918367
1.0,0.03225806451612903
0.9873417721518988,0.031862745098039214
0.9873417721518988,0.031875766244380876
0.9873417721518988,0.03188879803761243
0.9873417721518988,0.03190184049079755
0.9873417721518988,0.031914893617021274
0.9873417721518988,0.03192795742939009
0.9873417721518988,0.03194103194103194
0.9873417721518988,0.031954117165096274
0.9873417721518988,0.031967213114754096
0.9873417721518988,0.03198031980319803
0.9873417721518988,0.03199343724364233
0.9873417721518988,0.03200656544932294
0.9873417721518988,0.03201970443349754
0.9873417721518988,0.032032854209445585
0.9873417721518988,0.03204601479046836
0.9873417721518988,0.032059186189889025
0.9873417721518988,0.032072368421052634
0.9873417721518988,0.03208556149732621
0.9873417721518988,0.03209876543209877
0.9873417721518988,0.03211198023878139
0.9873417721518988,0.03212520593080725
0.9873417721518988,0.032138442521631644
0.9873417721518988,0.03215169002473207
0.9873417721518988,0.03216494845360825
0.9873417721518988,0.03217821782178218
0.9873417721518988,0.03219149814279818
0.9873417721518988,0.03220478943022296
0.9873417721518988,0.0322180916976456
0.9873417721518988,0.032231404958677684
0.9873417721518988,0.03224472922695329
0.9873417721518988,0.03225806451612903
0.9873417721518988,0.032271410839884156
0.9873417721518988,0.03228476821192053
0.9873417721518988,0.03229813664596273
0.9873417721518988,0.03231151615575808
0.9873417721518988,0.03232490675507667
0.9873417721518988,0.03233830845771144
0.9873417721518988,0.03235172127747823
0.9873417721518988,0.03236514522821577
0.9873417721518988,0.0323785803237858
0.9873417721518988,0.03239202657807309
0.9873417721518988,0.03240548400498546
0.9873417721518988,0.032418952618453865
0.9746835443037974,0.03201663201663202
0.9746835443037974,0.032029950083194675
0.9746835443037974,0.03204327923429047
0.9746835443037974,0.03205661948376353
0.9746835443037974,0.03206997084548105
0.9746835443037974,0.03208333333333333
0.9746835443037974,0.032096706961233845
0.9746835443037974,0.03211009174311927
0.9746835443037974,0.03212348769294952
0.9746835443037974,0.03213689482470785
0.9620253164556962,0.031732776617954074
0.9620253164556962,0.031746031746031744
0.9620253164556962,0.03175929795236105
0.9620253164556962,0.03177257525083612
0.9620253164556962,0.03178586365537432
0.9620253164556962,0.031799163179916316
0.9620253164556962,0.03181247383842612
0.9620253164556962,0.031825795644891124
0.9620253164556962,0.031839128613322165
0.9620253164556962,0.03185247275775356
0.9620253164556962,0.031865828092243184
0.9620253164556962,0.031879194630872486
0.9620253164556962,0.03189257238774654
0.9620253164556962,0.03190596137699412
0.9620253164556962,0.031919361612767747
0.9620253164556962,0.031932773109243695
0.9620253164556962,0.031946195880622114
0.9620253164556962,0.031959629941127
0.9620253164556962,0.03197307530500631
0.9620253164556962,0.03198653198653199
0.9620253164556962,0.032
0.9620253164556962,0.03201347935973041
0.9620253164556962,0.03202697008006743
0.9620253164556962,0.03204047217537943
0.9620253164556962,0.03205398566005905
0.9620253164556962,0.032067510548523206
0.9620253164556962,0.03208104685521317
0.9620253164556962,0.03209459459459459
0.9620253164556962,0.03210815378115758
0.9620253164556962,0.032121724429416736
0.9620253164556962,0.032135306553911204
0.9620253164556962,0.032148900169204735
0.9620253164556962,0.03216250528988574
0.9620253164556962,0.03217612193056731
0.9620253164556962,0.03218975010588734
0.9620253164556962,0.03220338983050847
0.9620253164556962,0.03221704111911827
0.9620253164556962,0.032230703986429174
0.9620253164556962,0.03224437844717862
0.9620253164556962,0.03225806451612903
0.9620253164556962,0.03227176220806794
0.9620253164556962,0.03228547153780799
0.9620253164556962,0.032299192520186995
0.9620253164556962,0.03231292517006803
0.9620253164556962,0.03232666950233943
0.9620253164556962,0.03234042553191489
0.9620253164556962,0.032354193273733504
0.9620253164556962,0.03236797274275979
0.9620253164556962,0.03238176395398381
0.9620253164556962,0.03239556692242114
0.9620253164556962,0.032409381663113
0.9620253164556962,0.032423208191126277
0.9620253164556962,0.03243704652155356
0.9620253164556962,0.032450896669513236
0.9620253164556962,0.03246475865014951
0.9620253164556962,0.03247863247863248
0.9620253164556962,0.032492518170158184
0.9620253164556962,0.032506415739948676
0.9620253164556962,0.032520325203252036
0.9620253164556962,0.032534246575342464
0.9620253164556962,0.032548179871520345
0.9620253164556962,0.032562125107112254
0.9620253164556962,0.03257608229747107
0.9620253164556962,0.032590051457975985
0.9620253164556962,0.03260403260403261
0.9620253164556962,0.03261802575107296
0.9620253164556962,0.032632030914555604
0.9620253164556962,0.03264604810996564
0.9620253164556962,0.03266007735281478
0.9620253164556962,0.03267411865864144
0.9620253164556962,0.032688172043010756
0.9620253164556962,0.03270223752151463
0.9620253164556962,0.03271631510977185
0.9620253164556962,0.03273040482342808
0.9493670886075949,0.03231365790607497
0.9493670886075949,0.032327586206896554
0.9493670886075949,0.03234152652005175
0.9493670886075949,0.032355478861087146
0.9493670886075949,0.032369443245576175
0.9367088607594937,0.03195164075993091
0.9367088607594937,0.031965442764578834
0.9240506329113924,0.031547104580812446
0.9240506329113924,0.03156074362300043
0.9240506329113924,0.03157439446366782
0.9240506329113924,0.03158805711813068
0.9240506329113924,0.0316017316017316
0.9240506329113924,0.03161541792983976
0.9240506329113924,0.03162911611785095
0.9240506329113924,0.03164282618118769
0.9240506329113924,0.03165654813529922
0.9240506329113924,0.0316702819956616
0.9240506329113924,0.031684027777777776
0.9240506329113924,0.0316977854971776
0.9113924050632911,0.03127715030408341
0.9113924050632911,0.03129074315514994
0.9113924050632911,0.03130434782608696
0.9113924050632911,0.0313179643323184
0.9113924050632911,0.031331592689295036
0.9113924050632911,0.03134523291249456
0.9113924050632911,0.0313588850174216
0.9113924050632911,0.03137254901960784
0.9113924050632911,0.03138622493461203
0.9113924050632911,0.03139991277802006
0.9113924050632911,0.031413612565445025
0.9113924050632911,0.03142732431252728
0.9113924050632911,0.0314410480349345
0.9113924050632911,0.03145478374836173
0.9113924050632911,0.03146853146853147
0.9113924050632911,0.031482291211193704
0.9113924050632911,0.031496062992125984
0.9113924050632911,0.03150984682713348
0.9113924050632911,0.03152364273204904
0.9113924050632911,0.03153745072273324
0.9113924050632911,0.03155127081507449
0.9113924050632911,0.03156510302498904
0.9113924050632911,0.031578947368421054
0.9113924050632911,0.031592803861342694
0.9113924050632911,0.03160667251975417
0.9113924050632911,0.03162055335968379
0.9113924050632911,0.03163444639718805
0.8987341772151899,0.03120879120879121
0.8987341772151899,0.031222515391380826
0.8987341772151899,0.031236251649802024
0.8987341772151899,0.03125
0.8987341772151899,0.03126376045794804
0.8987341772151899,0.03127753303964758
0.8987341772151899,0.03129131776112825
0.8987341772151899,0.03130511463844797
0.8987341772151899,0.031318923687692984
0.8987341772151899,0.03133274492497794
0.8987341772151899,0.031346578366445915
0.8987341772151899,0.03136042402826855
0.8987341772151899,0.03137428192664605
0.8987341772151899,0.03138815207780725
0.8987341772151899,0.03140203449800973
0.8987341772151899,0.031415929203539826
0.8987341772151899,0.03142983621071271
0.8987341772151899,0.031443755535872454
0.8987341772151899,0.03145768719539211
0.8987341772151899,0.031471631205673756
0.8987341772151899,0.03148558758314856
0.8987341772151899,0.03149955634427684
0.8987341772151899,0.03151353750554816
0.8987341772151899,0.03152753108348135
0.8987341772151899,0.03154153709462461
0.8987341772151899,0.03155555555555556
0.8987341772151899,0.03156958648288128
0.8987341772151899,0.03158362989323844
0.8987341772151899,0.03159768580329328
0.8987341772151899,0.031611754229741766
0.8987341772151899,0.03162583518930958
0.8987341772151899,0.03163992869875223
0.8987341772151899,0.03165403477485511
0.8860759493670886,0.031222123104371096
0.8860759493670886,0.031236055332440876
0.8860759493670886,0.03125
0.8860759493670886,0.03126395712371594
0.8860759493670886,0.03127792672028597
0.8860759493670886,0.031291908806437195
0.8860759493670886,0.03130590339892665
0.8860759493670886,0.03131991051454139
0.8860759493670886,0.03133393017009848
0.8860759493670886,0.03134796238244514
0.8860759493670886,0.03136200716845878
0.8860759493670886,0.031376064545047065
0.8860759493670886,0.03139013452914798
0.8860759493670886,0.03140421713772992
0.8860759493670886,0.03141831238779174
0.8860759493670886,0.03143242029636282
0.8860759493670886,0.031446540880503145
0.8860759493670886,0.03146067415730337
0.8860759493670886,0.03147482014388489
0.8860759493670886,0.03148897885739991
0.8860759493670886,0.0315031503150315
0.8860759493670886,0.0315173345339937
0.8860759493670886,0.03153153153153153
0.8734177215189873,0.031095087877422264
0.8734177215189873,0.031109107303877368
0.8734177215189873,0.03112313937753721
0.8734177215189873,0.031137184115523464
0.8734177215189873,0.031151241534988713
0.8734177215189873,0.03116531165311653
0.8734177215189873,0.031179394487121554
0.8734177215189873,0.031193490054249547
0.8734177215189873,0.031207598371777476
0.8734177215189873,0.031221719457013575
0.8734177215189873,0.03123585332729742
0.8734177215189873,0.03125
0.8734177215189873,0.031264159492523785
0.8734177215189873,0.03127833182230281
0.8734177215189873,0.031292517006802724
0.8734177215189873,0.03130671506352087
0.8734177215189873,0.031320926009986386
0.8734177215189873,0.031335149863760216
0.8734177215189873,0.03134938664243526
0.8734177215189873,0.031363636363636364
0.8734177215189873,0.03137789904502047
0.8734177215189873,0.03139217470427662
0.8734177215189873,0.03140646335912608
0.8607594936708861,0.030965391621129327
0.8607594936708861,0.030979498861047835
0.8607594936708861,0.03099361896080219
0.8607594936708861,0.031007751937984496
0.8607594936708861,0.03102189781021898
0.8607594936708861,0.031036056595162027
0.8607594936708861,0.031050228310502283
0.8607594936708861,0.031064412973960714
0.8607594936708861,0.031078610603290677
0.8607594936708861,0.031092821216278006
0.8607594936708861,0.03110704483074108
0.8607594936708861,0.031121281464530894
0.8607594936708861,0.031135531135531136
0.8607594936708861,0.031149793861658268
0.8607594936708861,0.031164069660861594
0.8481012658227848,0.0307198532783127
0.8481012658227848,0.030733944954128442
0.8481012658227848,0.03074804956402019
0.8481012658227848,0.03076216712580349
0.8481012658227848,0.030776297657326597
0.8481012658227848,0.03079044117647059
0.8481012658227848,0.030804597701149426
0.8481012658227848,0.030818767249310028
0.8481012658227848,0.030832949838932353
0.8481012658227848,0.030847145488029467
0.8481012658227848,0.030861354214647627
0.8481012658227848,0.03087557603686636
0.8481012658227848,0.030889810972798526
0.8481012658227848,0.030904059040590407
0.8481012658227848,0.03091832025842178
0.8481012658227848,0.030932594644506
0.8481012658227848,0.03094688221709007
0.8481012658227848,0.030961182994454713
0.8481012658227848,0.030975496994914472
0.8481012658227848,0.030989824236817762
0.8481012658227848,0.031004164738546967
0.8481012658227848,0.031018518518518518
0.8481012658227848,0.031032885595182955
0.8481012658227848,0.03104726598702502
0.8481012658227848,0.031061659712563746
0.8481012658227848,0.031076066790352505
0.8481012658227848,0.031090487238979118
0.8481012658227848,0.031104921077065924
0.8481012658227848,0.031119368323269857
0.8481012658227848,0.031133828996282528
0.8481012658227848,0.03114830311483031
0.8481012658227848,0.031162790697674417
0.8481012658227848,0.031177291763610983
0.8481012658227848,0.031191806331471134
0.8481012658227848,0.0312063344201211
0.8481012658227848,0.031220876048462257
0.8481012658227848,0.031235431235431235
0.8481012658227848,0.03125
0.8481012658227848,0.03126458236117592
0.8481012658227848,0.03127917833800187
0.8481012658227848,0.031293787949556284
0.8481012658227848,0.03130841121495327
0.8481012658227848,0.031323048153342685
0.8481012658227848,0.0313376987839102
0.8481012658227848,0.0313523631258774
0.8481012658227848,0.03136704119850187
0.8481012658227848,0.03138173302107728
0.8481012658227848,0.03139643861293346
0.8481012658227848,0.031411157993436474
0.8481012658227848,0.03142589118198874
0.8481012658227848,0.03144063819802909
0.8481012658227848,0.03145539906103286
0.8481012658227848,0.03147017379051198
0.8481012658227848,0.03148496240601504
0.8481012658227848,0.03149976492712741
0.8481012658227848,0.03151458137347131
0.8481012658227848,0.03152941176470588
0.8481012658227848,0.03154425612052731
0.8481012658227848,0.03155911446066886
0.8481012658227848,0.03157398680490104
0.8481012658227848,0.031588873173031586
0.8481012658227848,0.03160377358490566
0.8481012658227848,0.03161868806040585
0.8481012658227848,0.03163361661945231
0.8354430379746836,0.03117619272555503
0.8227848101265823,0.030718336483931945
0.8227848101265823,0.030732860520094562
0.8227848101265823,0.03074739829706717
0.810126582278481,0.03028868906767629
0.810126582278481,0.030303030303030304
0.810126582278481,0.030317385125532923
0.810126582278481,0.03033175355450237
0.810126582278481,0.030346135609293504
0.810126582278481,0.030360531309297913
0.810126582278481,0.030374940673943997
0.810126582278481,0.030389363722697058
0.810126582278481,0.030403800475059382
0.7974683544303798,0.02994296577946768
0.7974683544303798,0.029957203994293864
0.7974683544303798,0.029971455756422453
0.7974683544303798,0.029985721085197526
0.7974683544303798,0.03
0.7974683544303798,0.03001429252024774
0.7974683544303798,0.030028598665395614
0.7974683544303798,0.030042918454935622
0.7974683544303798,0.030057251908396948
0.7974683544303798,0.03007159904534606
0.7974683544303798,0.03008595988538682
0.7974683544303798,0.030100334448160536
0.7974683544303798,0.03011472275334608
0.7974683544303798,0.03012912482065997
0.7974683544303798,0.03014354066985646
0.7974683544303798,0.03015797032072762
0.7974683544303798,0.03017241379310345
0.7974683544303798,0.03018687110685194
0.7974683544303798,0.030201342281879196
0.7974683544303798,0.030215827338129497
0.7974683544303798,0.030230326295585412
0.7974683544303798,0.030244839174267884
0.7974683544303798,0.03025936599423631
0.7974683544303798,0.03027390677558866
0.7974683544303798,0.03028846153846154
0.7974683544303798,0.030303030303030304
0.7974683544303798,0.030317613089509143
0.7974683544303798,0.03033220991815118
0.7974683544303798,0.030346820809248554
0.7974683544303798,0.030361445783132532
0.7974683544303798,0.03037608486017358
0.7974683544303798,0.030390738060781478
0.7974683544303798,0.030405405405405407
0.7974683544303798,0.03042008691453404
0.7974683544303798,0.030434782608695653
0.7974683544303798,0.030449492508458194
0.7974683544303798,0.0304642166344294
0.7974683544303798,0.030478955007256895
0.7974683544303798,0.03049370764762827
0.7974683544303798,0.030508474576271188
0.7974683544303798,0.030523255813953487
0.7974683544303798,0.030538051381483276
0.7974683544303798,0.030552861299709022
0.7974683544303798,0.03056768558951965
0.7974683544303798,0.03058252427184466
0.7974683544303798,0.0305973773676542
0.7974683544303798,0.030612244897959183
0.7974683544303798,0.030627126883811376
0.7974683544303798,0.0306420233463035
0.7974683544303798,0.030656934306569343
0.7974683544303798,0.030671859785783837
0.7974683544303798,0.030686799805163176
0.7974683544303798,0.03070175438596491
0.7848101265822784,0.03022915650901999
0.7848101265822784,0.03024390243902439
0.7848101265822784,0.030258662762323085
0.7848101265822784,0.0302734375
0.7848101265822784,0.030288226673180263
0.7848101265822784,0.030303030303030304
0.7848101265822784,0.030317848410757946
0.7848101265822784,0.030332681017612523
0.7848101265822784,0.030347528144884974
0.7848101265822784,0.030362389813907934
0.7848101265822784,0.030377266046055854
0.7848101265822784,0.030392156862745098
0.7848101265822784,0.030407062285434036
0.7848101265822784,0.03042198233562316
0.7848101265822784,0.03043691703485518
0.7848101265822784,0.030451866404715127
0.7848101265822784,0.030466830466830467
0.7848101265822784,0.03048180924287119
0.7848101265822784,0.030496802754549926
0.7848101265822784,0.03051181102362205
0.7848101265822784,0.03052683407188577
0.7848101265822784,0.030541871921182268
0.7848101265822784,0.030556924593395762
0.7848101265822784,0.03057199211045365
0.7848101265822784,0.030587074494326592
0.7848101265822784,0.03060217176702863
0.7848101265822784,0.030617283950617285
0.7848101265822784,0.030632411067193676
0.7848101265822784,0.03064755313890262
0.7848101265822784,0.03066271018793274
0.7848101265822784,0.030677882236516577
0.7848101265822784,0.030693069306930693
0.7848101265822784,0.03070827142149579
0.7848101265822784,0.030723488602576808
0.7848101265822784,0.030738720872583045
0.7848101265822784,0.030753968253968252
0.7848101265822784,0.03076923076923077
0.7848101265822784,0.030784508440913606
0.7848101265822784,0.030799801291604572
0.7848101265822784,0.030815109343936383
0.7848101265822784,0.030830432620586774
0.7721518987341772,0.03034825870646766
0.7721518987341772,0.030363364858138377
0.7721518987341772,0.030378486055776893
0.7721518987341772,0.030393622321873443
0.7721518987341772,0.03040877367896311
0.7721518987341772,0.030423940149625937
0.7721518987341772,0.030439121756487025
0.7721518987341772,0.030454318522216674
0.7721518987341772,0.030469530469530468
0.7721518987341772,0.030484757621189407
0.7721518987341772,0.0305
0.7721518987341772,0.030515257628814407
0.7721518987341772,0.03053053053053053
0.7721518987341772,0.030545818728092138
0.7721518987341772,0.030561122244488977
0.759493670886076,0.03007518796992481
0.759493670886076,0.03009027081243731
0.759493670886076,0.030105368790767688
0.759493670886076,0.030120481927710843
0.759493670886076,0.030135610246107485
0.759493670886076,0.03015075376884422
0.759493670886076,0.030165912518853696
0.759493670886076,0.030181086519114688
0.759493670886076,0.03019627579265224
0.759493670886076,0.030211480362537766
0.759493670886076,0.030226700251889168
0.759493670886076,0.03024193548387097
0.759493670886076,0.030257186081694403
0.759493670886076,0.030272452068617558
0.759493670886076,0.03028773346794548
0.759493670886076,0.030303030303030304
0.759493670886076,0.03031834259727135
0.759493670886076,0.030333670374115267
0.759493670886076,0.030349013657056147
0.759493670886076,0.030364372469635626
0.759493670886076,0.030379746835443037
0.759493670886076,0.030395136778115502
0.759493670886076,0.030410542321338063
0.759493670886076,0.030425963488843813
0.759493670886076,0.030441400304414
0.759493670886076,0.030456852791878174
0.759493670886076,0.03047232097511427
0.7468354430379747,0.029979674796747968
0.7468354430379747,0.029994916115912557
0.7468354430379747,0.030010172939979655
0.7468354430379747,0.030025445292620866
0.7468354430379747,0.03004073319755601
0.7468354430379747,0.030056036678553236
0.7468354430379747,0.030071355759429153
0.7468354430379747,0.030086690464048955
0.7468354430379747,0.03010204081632653
0.7468354430379747,0.030117406840224605
0.7341772151898734,0.0296220633299285
0.7341772151898734,0.02963719979560552
0.7341772151898734,0.02965235173824131
0.7341772151898734,0.029667519181585677
0.7341772151898734,0.02968270214943705
0.7341772151898734,0.029697900665642603
0.7341772151898734,0.02971311475409836
0.7341772151898734,0.02972834443874936
0.7341772151898734,0.029743589743589743
0.7341772151898734,0.029758850692662903
0.7341772151898734,0.029774127310061602
0.7341772151898734,0.029789419619928096
0.7341772151898734,0.029804727646454265
0.7341772151898734,0.02982005141388175
0.7341772151898734,0.029835390946502057
0.7341772151898734,0.029850746268656716
0.7341772151898734,0.029866117404737384
0.7341772151898734,0.029881504379185988
0.7341772151898734,0.029896907216494847
0.7341772151898734,0.029912325941206807
0.7341772151898734,0.029927760577915376
0.7341772151898734,0.029943211151264842
0.7341772151898734,0.029958677685950414
0.7341772151898734,0.029974160206718347
0.7341772151898734,0.02998965873836608
0.7341772151898734,0.03000517330574237
0.7341772151898734,0.030020703933747412
0.7341772151898734,0.03003625064733299
0.7341772151898734,0.03005181347150259
0.7341772151898734,0.03006739243131156
0.7341772151898734,0.03008298755186722
0.7341772151898734,0.03009859885832901
0.7341772151898734,0.030114226375908618
0.7341772151898734,0.03012987012987013
0.7341772151898734,0.030145530145530147
0.7341772151898734,0.03016120644825793
0.7341772151898734,0.030176899063475548
0.7215189873417721,0.029672045809474232
0.7215189873417721,0.0296875
0.7215189873417721,0.0297029702970297
0.7215189873417721,0.029718456725755994
0.7215189873417721,0.0297339593114241
0.7215189873417721,0.029749478079331943
0.7215189873417721,0.029765013054830286
0.7215189873417721,0.029780564263322883
0.7215189873417721,0.029796131730266597
0.7215189873417721,0.02981171548117155
0.7215189873417721,0.029827315541601257
0.7215189873417721,0.029842931937172777
0.7215189873417721,0.029858564693556838
0.7215189873417721,0.029874213836477988
0.7215189873417721,0.029889879391714735
0.7215189873417721,0.029905561385099685
0.7215189873417721,0.029921259842519685
0.7215189873417721,0.029936974789915968
0.7215189873417721,0.02995270625328429
0.7215189873417721,0.02996845425867508
0.7215189873417721,0.02998421883219358
0.7215189873417721,0.03
0.7215189873417721,0.030015797788309637
0.7215189873417721,0.030031612223393046
0.7215189873417721,0.030047443331576173
0.7215189873417721,0.030063291139240507
0.7215189873417721,0.03007915567282322
0.7215189873417721,0.03009503695881732
0.7215189873417721,0.030110935023771792
0.7215189873417721,0.030126849894291756
0.7215189873417721,0.030142781597038603
0.7215189873417721,0.03015873015873016
0.7215189873417721,0.030174695606140816
0.7215189873417721,0.030190677966101694
0.7215189873417721,0.030206677265500796
0.7215189873417721,0.030222693531283137
0.7215189873417721,0.030238726790450927
0.7215189873417721,0.030254777070063694
0.7215189873417721,0.03027084439723845
0.7215189873417721,0.03028692879914984
0.7215189873417721,0.030303030303030304
0.7215189873417721,0.03031914893617021
0.7215189873417721,0.03033528472591804
0.7215189873417721,0.03035143769968051
0.7215189873417721,0.030367607884922748
0.7215189873417721,0.030383795309168442
0.7215189873417721,0.0304
0.7215189873417721,0.030416221985058698
0.7215189873417721,0.030432461292044848
0.7215189873417721,0.030448717948717948
0.7215189873417721,0.030464991982896848
0.7215189873417721,0.03048128342245989
0.7215189873417721,0.030497592295345103
0.7215189873417721,0.030513918629550323
0.7215189873417721,0.03053026245313337
0.7215189873417721,0.03054662379421222
0.7215189873417721,0.030563002680965148
0.7215189873417721,0.0305793991416309
0.7215189873417721,0.030595813204508857
0.7215189873417721,0.030612244897959183
0.7215189873417721,0.03062869425040301
0.7215189873417721,0.03064516129032258
0.7215189873417721,0.03066164604626143
0.7215189873417721,0.030678148546824543
0.7215189873417721,0.030694668820678513
0.7215189873417721,0.030711206896551723
0.7215189873417721,0.030727762803234502
0.7215189873417721,0.030744336569579287
0.7215189873417721,0.03076092822450081
0.7215189873417721,0.030777537796976243
0.7215189873417721,0.03079416531604538
0.7215189873417721,0.030810810810810812
0.7215189873417721,0.030827474310438075
0.7215189873417721,0.030844155844155844
0.7215189873417721,0.03086085544125609
0.7215189873417721,0.03087757313109426
0.7215189873417721,0.030894308943089432
0.7215189873417721,0.03091106290672451
0.7215189873417721,0.030927835051546393
0.7215189873417721,0.030944625407166124
0.7088607594936709,0.030418250950570342
0.7088607594936709,0.030434782608695653
0.7088607594936709,0.030451332245785754
0.7088607594936709,0.030467899891186073
0.7088607594936709,0.030484485574305935
0.7088607594936709,0.030501089324618737
0.7088607594936709,0.030517711171662125
0.7088607594936709,0.030534351145038167
0.7088607594936709,0.03055100927441353
0.7088607594936709,0.03056768558951965
0.7088607594936709,0.030584380120152924
0.7088607594936709,0.030601092896174863
0.7088607594936709,0.0306178239475123
0.7088607594936709,0.030634573304157548
0.7088607594936709,0.03065134099616858
0.7088607594936709,0.03066812705366922
0.7088607594936709,0.030684931506849315
0.7088607594936709,0.03070175438596491
0.7088607594936709,0.030718595721338452
0.7088607594936709,0.030735455543358946
0.7088607594936709,0.030752333882482153
0.7088607594936709,0.03076923076923077
0.7088607594936709,0.030786146234194612
0.7088607594936709,0.030803080308030802
0.7088607594936709,0.030820033021463952
0.7088607594936709,0.030837004405286344
0.7088607594936709,0.03085399449035813
0.7088607594936709,0.030871003307607496
0.7088607594936709,0.03088803088803089
0.7088607594936709,0.03090507726269316
0.7088607594936709,0.030922142462727776
0.7088607594936709,0.030939226519337018
0.7088607594936709,0.03095632946379215
0.7088607594936709,0.030973451327433628
0.7088607594936709,0.03099059214167128
0.7088607594936709,0.031007751937984496
0.7088607594936709,0.03102493074792244
0.7088607594936709,0.031042128603104215
0.7088607594936709,0.03105934553521908
0.7088607594936709,0.03107658157602664
0.7088607594936709,0.031093836757357024
0.7088607594936709,0.03111111111111111
0.7088607594936709,0.0311284046692607
0.7088607594936709,0.03114571746384872
0.7088607594936709,0.031163049526989426
0.7088607594936709,0.031180400890868598
0.7088607594936709,0.03119777158774373
0.7088607594936709,0.03121516164994426
0.7088607594936709,0.031232571109871723
0.7088607594936709,0.03125
0.6962025316455697,0.030709101060859854
0.6962025316455697,0.030726256983240222
0.6962025316455697,0.030743432084963666
0.6962025316455697,0.03076062639821029
0.6962025316455697,0.03077783995523223
0.6962025316455697,0.030795072788353865
0.6962025316455697,0.03081232492997199
0.6962025316455697,0.030829596412556053
0.6962025316455697,0.030846887268648347
0.6962025316455697,0.030864197530864196
0.6962025316455697,0.030881527231892195
0.6962025316455697,0.03089887640449438
0.6962025316455697,0.030916245081506463
0.6962025316455697,0.03093363329583802
0.6962025316455697,0.030951041080472707
0.6962025316455697,0.030968468468468468
0.6962025316455697,0.030985915492957747
0.6962025316455697,0.03100338218714769
0.6962025316455697,0.03102086858432036
0.6962025316455697,0.031038374717832957
0.6962025316455697,0.031055900621118012
0.6835443037974683,0.030508474576271188
0.6835443037974683,0.030525720746184284
0.6835443037974683,0.030542986425339366
0.6835443037974683,0.030560271646859084
0.6835443037974683,0.030577576443941108
0.6835443037974683,0.03059490084985836
0.6835443037974683,0.030612244897959183
0.6835443037974683,0.030629608621667612
0.6835443037974683,0.03064699205448354
0.6835443037974683,0.030664395229982964
0.6835443037974683,0.03068181818181818
0.6835443037974683,0.030699260943718023
0.6835443037974683,0.030716723549488054
0.6835443037974683,0.030734206033010813
0.6835443037974683,0.030751708428246014
0.6835443037974683,0.03076923076923077
0.6835443037974683,0.03078677309007982
0.6835443037974683,0.03080433542498574
0.6835443037974683,0.030821917808219176
0.6835443037974683,0.03083952027412907
0.6835443037974683,0.030857142857142857
0.6835443037974683,0.030874785591766724
0.6835443037974683,0.030892448512585814
0.6835443037974683,0.030910131654264452
0.6835443037974683,0.030927835051546393
0.6835443037974683,0.030945558739255013
0.6835443037974683,0.03096330275229358
0.6835443037974683,0.03098106712564544
0.6835443037974683,0.030998851894374284
0.6835443037974683,0.031016657093624354
0.6835443037974683,0.03103448275862069
0.6835443037974683,0.03105232892466935
0.6835443037974683,0.031070195627157654
0.6835443037974683,0.031088082901554404
0.6835443037974683,0.03110599078341014
0.6835443037974683,0.03112391930835735
0.6835443037974683,0.031141868512110725
0.6835443037974683,0.031159838430467397
0.6835443037974683,0.03117782909930716
0.6835443037974683,0.03119584055459272
0.6835443037974683,0.03121387283236994
0.6835443037974683,0.031231925968768073
0.6835443037974683,0.03125
0.6835443037974683,0.03126809496236248
0.6835443037974683,0.031286210892236384
0.6835443037974683,0.03130434782608696
0.6835443037974683,0.031322505800464036
0.6835443037974683,0.03134068485200232
0.6835443037974683,0.0313588850174216
0.6835443037974683,0.03137710633352702
0.6835443037974683,0.031395348837209305
0.6835443037974683,0.031413612565445025
0.6835443037974683,0.03143189755529686
0.6835443037974683,0.0314502038439138
0.6835443037974683,0.03146853146853147
0.6835443037974683,0.0314868804664723
0.6835443037974683,0.03150525087514586
0.6835443037974683,0.03152364273204904
0.6835443037974683,0.03154205607476635
0.6835443037974683,0.031560490940970194
0.6835443037974683,0.031578947368421054
0.6835443037974683,0.03159742539496782
0.6835443037974683,0.03161592505854801
0.6835443037974683,0.03163444639718805
0.6835443037974683,0.031652989449003514
0.6835443037974683,0.03167155425219941
0.6835443037974683,0.03169014084507042
0.6835443037974683,0.031708749266001174
0.6835443037974683,0.03172737955346651
0.6835443037974683,0.031746031746031744
0.6835443037974683,0.03176470588235294
0.6835443037974683,0.031783402001177165
0.6835443037974683,0.03180212014134275
0.6835443037974683,0.03182086034177961
0.6835443037974683,0.031839622641509434
0.6835443037974683,0.03185840707964602
0.6835443037974683,0.031877213695395513
0.6835443037974683,0.0318960425280567
0.6835443037974683,0.031914893617021274
0.6835443037974683,0.0319337670017741
0.6835443037974683,0.03195266272189349
0.6835443037974683,0.03197158081705151
0.6835443037974683,0.031990521327014215
0.6835443037974683,0.032009484291641965
0.6835443037974683,0.03202846975088968
0.6835443037974683,0.032047477744807124
0.6835443037974683,0.032066508313539195
0.6835443037974683,0.03208556149732621
0.6835443037974683,0.03210463733650416
0.6835443037974683,0.032123735871505056
0.6835443037974683,0.03214285714285714
0.6835443037974683,0.03216200119118523
0.6708860759493671,0.03158522050059595
0.6708860759493671,0.031604054859868815
0.6708860759493671,0.03162291169451074
0.6708860759493671,0.03164179104477612
0.6708860759493671,0.031660692951015534
0.6708860759493671,0.031679617453676034
0.6708860759493671,0.031698564593301434
0.6708860759493671,0.03171753441053261
0.6708860759493671,0.03173652694610778
0.6708860759493671,0.03175554224086279
0.6708860759493671,0.03177458033573141
0.6708860759493671,0.03179364127174565
0.6708860759493671,0.03181272509003601
0.6708860759493671,0.03183183183183183
0.6708860759493671,0.031850961538461536
0.6708860759493671,0.03187011425135298
0.6708860759493671,0.031889290012033694
0.6708860759493671,0.03190848886213125
0.6708860759493671,0.031927710843373494
0.6708860759493671,0.031946955997588906
0.6708860759493671,0.031966224366706875
0.6708860759493671,0.03198551599275799
0.6708860759493671,0.0320048309178744
0.6708860759493671,0.03202416918429003
0.6708860759493671,0.03204353083434099
0.6708860759493671,0.03206291591046582
0.6708860759493671,0.03208232445520581
0.6708860759493671,0.03210175651120533
0.6708860759493671,0.03212121212121212
0.6708860759493671,0.03214069132807762
0.6708860759493671,0.03216019417475728
0.6708860759493671,0.03217972070431087
0.6708860759493671,0.03219927095990279
0.6708860759493671,0.03221884498480243
0.6708860759493671,0.03223844282238443
0.6708860759493671,0.03225806451612903
0.6708860759493671,0.03227771010962241
0.6708860759493671,0.032297379646556976
0.6708860759493671,0.03231707317073171
0.6708860759493671,0.03233679072605247
0.6708860759493671,0.03235653235653236
0.6708860759493671,0.032376298106292
0.6708860759493671,0.0323960880195599
0.6708860759493671,0.03241590214067278
0.6708860759493671,0.03243574051407589
0.6708860759493671,0.032455603184323334
0.6708860759493671,0.032475490196078434
0.6708860759493671,0.03249540159411404
0.6708860759493671,0.03251533742331288
0.6708860759493671,0.032535297728667895
0.6708860759493671,0.032555282555282554
0.6708860759493671,0.032575291948371235
0.6708860759493671,0.032595325953259535
0.6708860759493671,0.032615384615384616
0.6708860759493671,0.03263546798029557
0.6708860759493671,0.03265557609365373
0.6708860759493671,0.032675709001233046
0.6708860759493671,0.03269586674892042
0.6708860759493671,0.03271604938271605
0.6708860759493671,0.032736256948733784
0.6708860759493671,0.032756489493201486
0.6708860759493671,0.03277674706246135
0.6708860759493671,0.0327970297029703
0.6582278481012658,0.03219814241486068
0.6582278481012658,0.0322180916976456
0.6582278481012658,0.032238065716057036
0.6582278481012658,0.03225806451612903
0.6582278481012658,0.03227808814400993
0.6582278481012658,0.03229813664596273
0.6582278481012658,0.032318210068365445
0.6455696202531646,0.03171641791044776
0.6455696202531646,0.031736154324828875
0.6455696202531646,0.031755915317559155
0.6455696202531646,0.03177570093457944
0.6455696202531646,0.031795511221945134
0.6455696202531646,0.031815346225826574
0.6455696202531646,0.031835205992509365
0.6455696202531646,0.03185509056839475
0.6455696202531646,0.031875
0.6455696202531646,0.03189493433395872
0.6455696202531646,0.031914893617021274
0.6455696202531646,0.031934877896055106
0.6455696202531646,0.03195488721804511
0.6455696202531646,0.03197492163009404
0.6455696202531646,0.031994981179422836
0.6455696202531646,0.032015065913371
0.6455696202531646,0.032035175879396985
0.6455696202531646,0.03205531112507857
0.6455696202531646,0.03207547169811321
0.6455696202531646,0.032095657646318436
0.6455696202531646,0.03211586901763224
0.6455696202531646,0.03213610586011342
0.6455696202531646,0.03215636822194199
0.6455696202531646,0.032176656151419555
0.6455696202531646,0.032196969696969696
0.6455696202531646,0.032217308907138344
0.6455696202531646,0.032237673830594185
0.6455696202531646,0.03225806451612903
0.6455696202531646,0.032278481012658226
0.6455696202531646,0.03229892336922103
0.6455696202531646,0.03231939163498099
0.6455696202531646,0.032339885859226376
0.6455696202531646,0.03236040609137056
0.6455696202531646,0.03238095238095238
0.6455696202531646,0.032401524777636595
0.6455696202531646,0.03242212333121424
0.6455696202531646,0.03244274809160305
0.6455696202531646,0.032463399108847865
0.6455696202531646,0.03248407643312102
0.6455696202531646,0.032504780114722756
0.6455696202531646,0.032525510204081634
0.6455696202531646,0.03254626675175495
0.6455696202531646,0.032567049808429116
0.6455696202531646,0.03258785942492013
0.6455696202531646,0.03260869565217391
0.6455696202531646,0.03262955854126679
0.6455696202531646,0.03265044814340589
0.6455696202531646,0.03267136450992953
0.6455696202531646,0.032692307692307694
0.6455696202531646,0.0327132777421424
0.6455696202531646,0.03273427471116817
0.6455696202531646,0.03275529865125241
0.6455696202531646,0.032776349614395885
0.6455696202531646,0.03279742765273312
0.6455696202531646,0.032818532818532815
0.6455696202531646,0.032839665164198326
0.6455696202531646,0.03286082474226804
0.6455696202531646,0.03288201160541586
0.6455696202531646,0.032903225806451615
0.6455696202531646,0.0329244673983215
0.6455696202531646,0.03294573643410853
0.6455696202531646,0.03296703296703297
0.6455696202531646,0.032988357050452784
0.6455696202531646,0.03300970873786408
0.6455696202531646,0.033031088082901554
0.6455696202531646,0.03305249513933895
0.6455696202531646,0.033073929961089495
0.6455696202531646,0.03309539260220636
0.6455696202531646,0.033116883116883114
0.6455696202531646,0.03313840155945419
0.6455696202531646,0.03315994798439532
0.6455696202531646,0.03318152244632401
0.6455696202531646,0.033203125
0.6455696202531646,0.03322475570032573
0.6455696202531646,0.033246414602346806
0.6455696202531646,0.033268101761252444
0.6455696202531646,0.03328981723237598
0.6455696202531646,0.033311561071195296
0.6455696202531646,0.03333333333333333
0.6455696202531646,0.033355134074558535
0.6455696202531646,0.03337696335078534
0.6455696202531646,0.03339882121807466
0.6455696202531646,0.033420707732634336
0.6455696202531646,0.03344262295081967
0.6455696202531646,0.03346456692913386
0.6455696202531646,0.0334865397242285
0.6455696202531646,0.03350854139290407
0.6455696202531646,0.03353057199211045
0.6455696202531646,0.03355263157894737
0.6455696202531646,0.03357472021066491
0.6455696202531646,0.03359683794466403
0.6455696202531646,0.03361898483849703
0.6455696202531646,0.033641160949868076
0.6455696202531646,0.033663366336633666
0.6455696202531646,0.03368560105680317
0.6455696202531646,0.033707865168539325
0.6455696202531646,0.03373015873015873
0.6455696202531646,0.033752481800132364
0.6455696202531646,0.03377483443708609
0.6455696202531646,0.033797216699801194
0.6455696202531646,0.033819628647214856
0.6455696202531646,0.0338420703384207
0.6455696202531646,0.03386454183266932
0.6455696202531646,0.03388704318936877
0.6455696202531646,0.0339095744680851
0.6455696202531646,0.033932135728542916
0.6455696202531646,0.03395472703062583
0.6455696202531646,0.03397734843437708
0.6455696202531646,0.034
0.6455696202531646,0.03402268178785857
0.6455696202531646,0.03404539385847797
0.6455696202531646,0.03406813627254509
0.6455696202531646,0.03409090909090909
0.6455696202531646,0.03411371237458194
0.6455696202531646,0.03413654618473896
0.6455696202531646,0.03415941058271936
0.6455696202531646,0.03418230563002681
0.6455696202531646,0.03420523138832998
0.6455696202531646,0.03422818791946309
0.6455696202531646,0.03425117528542646
0.6455696202531646,0.034274193548387094
0.6455696202531646,0.03429724277067922
0.6455696202531646,0.034320323014804845
0.6455696202531646,0.03434343434343434
0.6455696202531646,0.03436657681940701
0.6455696202531646,0.03438975050573163
0.6455696202531646,0.03441295546558704
0.6455696202531646,0.03443619176232275
0.6455696202531646,0.03445945945945946
0.6455696202531646,0.034482758620689655
0.6455696202531646,0.03450608930987822
0.6455696202531646,0.034529451591062965
0.6455696202531646,0.034552845528455285
0.6455696202531646,0.03457627118644068
0.6455696202531646,0.03459972862957938
0.6455696202531646,0.034623217922606926
0.6455696202531646,0.034646739130434784
0.6455696202531646,0.03467029231815092
0.6455696202531646,0.03469387755102041
0.6455696202531646,0.03471749489448604
0.6455696202531646,0.03474114441416894
0.6455696202531646,0.034764826175869123
0.6455696202531646,0.034788540245566164
0.6455696202531646,0.0348122866894198
0.6455696202531646,0.03483606557377049
0.6455696202531646,0.034859876965140126
0.6455696202531646,0.03488372093023256
0.6455696202531646,0.03490759753593429
0.6455696202531646,0.03493150684931507
0.6455696202531646,0.03495544893762851
0.6455696202531646,0.03497942386831276
0.6455696202531646,0.035003431708991076
0.6455696202531646,0.03502747252747253
0.6455696202531646,0.03505154639175258
0.6455696202531646,0.035075653370013754
0.6455696202531646,0.03509979353062629
0.6455696202531646,0.03512396694214876
0.6455696202531646,0.03514817367332874
0.6455696202531646,0.03517241379310345
0.6455696202531646,0.035196687370600416
0.6455696202531646,0.03522099447513812
0.6455696202531646,0.035245335176226675
0.6455696202531646,0.035269709543568464
0.6455696202531646,0.03529411764705882
0.6455696202531646,0.035318559556786706
0.6455696202531646,0.035343035343035345
0.6455696202531646,0.03536754507628294
0.6455696202531646,0.03539208882720333
0.6455696202531646,0.035416666666666666
0.6455696202531646,0.035441278665740095
0.6455696202531646,0.03546592489568846
0.6455696202531646,0.03549060542797495
0.6455696202531646,0.035515320334261836
0.6455696202531646,0.03554006968641115
0.6455696202531646,0.03556485355648536
0.6455696202531646,0.03558967201674808
0.6455696202531646,0.0356145251396648
0.6455696202531646,0.03563941299790356
0.6455696202531646,0.03566433566433566
0.6455696202531646,0.03568929321203639
0.6455696202531646,0.03571428571428571
0.6455696202531646,0.035739313244569026
0.6455696202531646,0.03576437587657784
0.6455696202531646,0.035789473684210524
0.6455696202531646,0.03581460674157303
0.6455696202531646,0.035839775122979624
0.6455696202531646,0.035864978902953586
0.6455696202531646,0.03589021815622801
0.6455696202531646,0.03591549295774648
0.6455696202531646,0.035940803382663845
0.6455696202531646,0.03596614950634697
0.6455696202531646,0.03599153140437544
0.6455696202531646,0.036016949152542374
0.6455696202531646,0.03604240282685512
0.6455696202531646,0.03606789250353607
0.6455696202531646,0.036093418259023353
0.6455696202531646,0.03611898016997167
0.6455696202531646,0.03614457831325301
0.6455696202531646,0.036170212765957444
0.6455696202531646,0.0361958836053939
0.6455696202531646,0.03622159090909091
0.6455696202531646,0.03624733475479744
0.6455696202531646,0.03627311522048364
0.6455696202531646,0.036298932384341634
0.6455696202531646,0.03632478632478633
0.6455696202531646,0.036350677120456164
0.6455696202531646,0.03637660485021398
0.6455696202531646,0.03640256959314775
0.6455696202531646,0.03642857142857143
0.6455696202531646,0.036454610436025735
0.6455696202531646,0.03648068669527897
0.6455696202531646,0.03650680028632784
0.6455696202531646,0.036532951289398284
0.6455696202531646,0.03655913978494624
0.6455696202531646,0.036585365853658534
0.6455696202531646,0.0366116295764537
0.6455696202531646,0.036637931034482756
0.6455696202531646,0.03666427030913012
0.6455696202531646,0.03669064748201439
0.6455696202531646,0.0367170626349892
0.6455696202531646,0.03674351585014409
0.6455696202531646,0.03677000720980533
0.6455696202531646,0.0367965367965368
0.6455696202531646,0.0368231046931408
0.6455696202531646,0.03684971098265896
0.6455696202531646,0.0368763557483731
0.6455696202531646,0.03690303907380608
0.6455696202531646,0.036929761042722664
0.6455696202531646,0.03695652173913044
0.6455696202531646,0.03698332124728064
0.6455696202531646,0.03701015965166909
0.6455696202531646,0.037037037037037035
0.6455696202531646,0.037063953488372096
0.6455696202531646,0.03709090909090909
0.6455696202531646,0.03711790393013101
0.6455696202531646,0.037144938091769844
0.6455696202531646,0.03717201166180758
0.6455696202531646,0.037199124726477024
0.6455696202531646,0.03722627737226277
0.6455696202531646,0.03725346968590212
0.6455696202531646,0.03728070175438596
0.6455696202531646,0.03730797366495977
0.6455696202531646,0.03733528550512445
0.6455696202531646,0.03736263736263736
0.6455696202531646,0.0373900293255132
0.6455696202531646,0.03741746148202495
0.6455696202531646,0.037444933920704845
0.6455696202531646,0.03747244673034533
0.6455696202531646,0.0375
0.6455696202531646,0.037527593818984545
0.6455696202531646,0.03755522827687776
0.6455696202531646,0.03758290346352248
0.6455696202531646,0.03761061946902655
0.6455696202531646,0.037638376383763834
0.6455696202531646,0.03766617429837518
0.6455696202531646,0.037694013303769404
0.6455696202531646,0.03772189349112426
0.6455696202531646,0.03774981495188749
0.6455696202531646,0.03777777777777778
0.6455696202531646,0.03780578206078577
0.6455696202531646,0.037833827893175076
0.6455696202531646,0.0378619153674833
0.6455696202531646,0.03789004457652303
0.6455696202531646,0.0379182156133829
0.6455696202531646,0.03794642857142857
0.6455696202531646,0.0379746835443038
0.6455696202531646,0.038002980625931444
0.6455696202531646,0.03803131991051454
0.6455696202531646,0.03805970149253731
0.6455696202531646,0.038088125466766244
0.6455696202531646,0.03811659192825112
0.6455696202531646,0.0381451009723261
0.6455696202531646,0.03817365269461078
0.6455696202531646,0.038202247191011236
0.6455696202531646,0.03823088455772114
0.6455696202531646,0.03825956489122281
0.6455696202531646,0.038288288288288286
0.6455696202531646,0.03831705484598046
0.6455696202531646,0.038345864661654135
0.6455696202531646,0.03837471783295711
0.6455696202531646,0.038403614457831324
0.6455696202531646,0.03843255463451394
0.6455696202531646,0.038461538461538464
0.6455696202531646,0.038490566037735846
0.6455696202531646,0.03851963746223565
0.6455696202531646,0.03854875283446712
0.6329113924050633,0.037821482602118005
0.6329113924050633,0.03785011355034065
0.6329113924050633,0.03787878787878788
0.6329113924050633,0.03790750568612585
0.6329113924050633,0.03793626707132018
0.6329113924050633,0.037965072133637055
0.6329113924050633,0.037993920972644375
0.6329113924050633,0.03802281368821293
0.6329113924050633,0.0380517503805175
0.6329113924050633,0.03808073115003808
0.6329113924050633,0.038109756097560975
0.6329113924050633,0.03813882532418002
0.6329113924050633,0.03816793893129771
0.6329113924050633,0.03819709702062643
0.6329113924050633,0.0382262996941896
0.6329113924050633,0.03825554705432287
0.6329113924050633,0.03828483920367534
0.6329113924050633,0.038314176245210725
0.6329113924050633,0.03834355828220859
0.6329113924050633,0.03837298541826554
0.6329113924050633,0.03840245775729647
0.6329113924050633,0.03843197540353574
0.6329113924050633,0.038461538461538464
0.6329113924050633,0.03849114703618168
0.6329113924050633,0.03852080123266564
0.6329113924050633,0.03855050115651504
0.6329113924050633,0.038580246913580245
0.6329113924050633,0.03861003861003861
0.6329113924050633,0.03863987635239567
0.6329113924050633,0.038669760247486466
0.6329113924050633,0.03869969040247678
0.6329113924050633,0.038729666924864445
0.6329113924050633,0.03875968992248062
0.6329113924050633,0.038789759503491075
0.6329113924050633,0.03881987577639751
0.6329113924050633,0.03885003885003885
0.6329113924050633,0.038880248833592534
0.6329113924050633,0.038910505836575876
0.6329113924050633,0.03894080996884735
0.6329113924050633,0.03897116134060795
0.6329113924050633,0.0390015600624025
0.6329113924050633,0.039032006245121
0.6329113924050633,0.0390625
0.6329113924050633,0.039093041438623924
0.6329113924050633,0.03912363067292645
0.6329113924050633,0.03915426781519186
0.6329113924050633,0.03918495297805643
0.6329113924050633,0.0392156862745098
0.6329113924050633,0.03924646781789639
0.6329113924050633,0.03927729772191673
0.6329113924050633,0.03930817610062893
0.6329113924050633,0.03933910306845004
0.6329113924050633,0.03937007874015748
0.6329113924050633,0.039401103230890466
0.6329113924050633,0.03943217665615142
0.6329113924050633,0.03946329913180742
0.6329113924050633,0.03949447077409163
0.6329113924050633,0.039525691699604744
0.6329113924050633,0.03955696202531646
0.6329113924050633,0.0395882818685669
0.6329113924050633,0.039619651347068144
0.6329113924050633,0.03965107057890563
0.6329113924050633,0.03968253968253968
0.620253164556962,0.03891977760127085
0.620253164556962,0.038950715421303655
0.620253164556962,0.03898170246618934
0.620253164556962,0.03901273885350318
0.620253164556962,0.03904382470119522
0.620253164556962,0.03907496012759171
0.620253164556962,0.03910614525139665
0.620253164556962,0.03913738019169329
0.620253164556962,0.03916866506794564
0.620253164556962,0.0392
0.620253164556962,0.03923138510808647
0.620253164556962,0.03926282051282051
0.620253164556962,0.03929430633520449
0.620253164556962,0.03932584269662921
0.620253164556962,0.0393574297188755
0.620253164556962,0.03938906752411576
0.620253164556962,0.039420756234915526
0.620253164556962,0.039452495974235106
0.620253164556962,0.0394842868654311
0.620253164556962,0.03951612903225806
0.620253164556962,0.03954802259887006
0.620253164556962,0.0395799676898223
0.620253164556962,0.039611964430072755
0.620253164556962,0.03964401294498382
0.620253164556962,0.03967611336032389
0.620253164556962,0.03970826580226904
0.6075949367088608,0.038929440389294405
0.6075949367088608,0.03896103896103896
0.6075949367088608,0.03899268887083672
0.6075949367088608,0.03902439024390244
0.6075949367088608,0.03905614320585842
0.6075949367088608,0.03908794788273615
0.6075949367088608,0.039119804400977995
0.6075949367088608,0.03915171288743882
0.6075949367088608,0.03918367346938775
0.6075949367088608,0.0392156862745098
0.6075949367088608,0.039247751430907606
0.6075949367088608,0.03927986906710311
0.6075949367088608,0.03931203931203931
0.6075949367088608,0.03934426229508197
0.6075949367088608,0.03937653814602133
0.6075949367088608,0.03940886699507389
0.6075949367088608,0.03944124897288414
0.6075949367088608,0.039473684210526314
0.6075949367088608,0.03950617283950617
0.6075949367088608,0.039538714991762765
0.6075949367088608,0.03957131079967024
0.6075949367088608,0.039603960396039604
0.6075949367088608,0.03963666391412056
0.6075949367088608,0.03966942148760331
0.6075949367088608,0.03970223325062035
0.6075949367088608,0.039735099337748346
0.6075949367088608,0.03976801988400994
0.6075949367088608,0.03980099502487562
0.6075949367088608,0.03983402489626556
0.6075949367088608,0.03986710963455149
0.6075949367088608,0.0399002493765586
0.6075949367088608,0.03993344425956739
0.6075949367088608,0.03996669442131557
0.6075949367088608,0.04
0.6075949367088608,0.040033361134278564
0.6075949367088608,0.04006677796327212
0.6075949367088608,0.040100250626566414
0.6075949367088608,0.04013377926421405
0.6075949367088608,0.0401673640167364
0.6075949367088608,0.04020100502512563
0.6075949367088608,0.040234702430846606
0.6075949367088608,0.040268456375838924
0.6075949367088608,0.04030226700251889
0.6075949367088608,0.040336134453781515
0.6075949367088608,0.040370058873002525
0.6075949367088608,0.04040404040404041
0.6075949367088608,0.040438079191238416
0.6075949367088608,0.04047217537942664
0.6075949367088608,0.04050632911392405
0.6075949367088608,0.04054054054054054
0.6075949367088608,0.04057480980557904
0.6075949367088608,0.04060913705583756
0.6075949367088608,0.04064352243861134
0.6075949367088608,0.04067796610169491
0.6075949367088608,0.04071246819338423
0.6075949367088608,0.04074702886247878
0.6075949367088608,0.04078164825828377
0.6075949367088608,0.04081632653061224
0.5949367088607594,0.04
0.5949367088607594,0.04003407155025554
0.5949367088607594,0.040068201193520885
0.5949367088607594,0.04010238907849829
0.5949367088607594,0.04013663535439795
0.5949367088607594,0.040170940170940174
0.5949367088607594,0.04020530367835757
0.5949367088607594,0.04023972602739726
0.5949367088607594,0.04027420736932305
0.5949367088607594,0.04030874785591767
0.5949367088607594,0.04034334763948498
0.5949367088607594,0.040378006872852236
0.5949367088607594,0.040412725709372314
0.5822784810126582,0.039586919104991396
0.5822784810126582,0.03962101636520241
0.5822784810126582,0.039655172413793106
0.5822784810126582,0.03968938740293356
0.5822784810126582,0.039723661485319514
0.569620253164557,0.03889369057908384
0.569620253164557,0.03892733564013841
0.569620253164557,0.03896103896103896
0.5569620253164557,0.038128249566724434
0.5569620253164557,0.03816131830008673
0.5569620253164557,0.03819444444444445
0.5569620253164557,0.038227628149435276
0.5569620253164557,0.03826086956521739
0.5569620253164557,0.038294168842471714
0.5443037974683544,0.037456445993031356
0.5443037974683544,0.037489102005231034
0.5443037974683544,0.037521815008726006
0.5316455696202531,0.03668122270742358
0.5316455696202531,0.03671328671328671
0.5316455696202531,0.03674540682414698
0.5189873417721519,0.03590192644483362
0.5189873417721519,0.03593339176161262
0.5189873417721519,0.035964912280701755
0.5189873417721519,0.035996488147497806
0.5189873417721519,0.03602811950790861
0.5189873417721519,0.03605980650835532
0.5189873417721519,0.03609154929577465
0.5189873417721519,0.03612334801762115
0.5189873417721519,0.036155202821869487
0.5189873417721519,0.03618711385701677
0.5189873417721519,0.036219081272084806
0.5189873417721519,0.036251105216622455
0.5189873417721519,0.036283185840707964
0.5189873417721519,0.03631532329495128
0.5189873417721519,0.03634751773049645
0.5189873417721519,0.03637976929902396
0.5189873417721519,0.03641207815275311
0.5189873417721519,0.036444444444444446
0.5189873417721519,0.036476868327402136
0.5189873417721519,0.0365093499554764
0.5189873417721519,0.036541889483065956
0.5063291139240507,0.03568242640499554
0.5063291139240507,0.03571428571428571
0.5063291139240507,0.035746201966041107
0.5063291139240507,0.03577817531305903
0.5063291139240507,0.03581020590868397
0.5063291139240507,0.035842293906810034
0.5063291139240507,0.03587443946188341
0.5063291139240507,0.03590664272890485
0.5063291139240507,0.03593890386343217
0.5063291139240507,0.03597122302158273
0.5063291139240507,0.036003600360036005
0.5063291139240507,0.036036036036036036
0.5063291139240507,0.03606853020739405
0.5063291139240507,0.036101083032490974
0.5063291139240507,0.036133694670280034
0.5063291139240507,0.03616636528028933
0.5063291139240507,0.03619909502262444
0.5063291139240507,0.036231884057971016
0.5063291139240507,0.03626473254759746
0.5063291139240507,0.036297640653357534
0.5063291139240507,0.03633060853769301
0.5063291139240507,0.03636363636363636
0.5063291139240507,0.036396724294813464
0.5063291139240507,0.03642987249544627
0.5063291139240507,0.03646308113035551
0.5063291139240507,0.0364963503649635
0.5063291139240507,0.0365296803652968
0.5063291139240507,0.03656307129798903
0.5063291139240507,0.036596523330283626
0.5063291139240507,0.03663003663003663
0.5063291139240507,0.03666361136571952
0.5063291139240507,0.03669724770642202
0.5063291139240507,0.03673094582185491
0.5063291139240507,0.03676470588235294
0.5063291139240507,0.03679852805887764
0.5063291139240507,0.03683241252302026
0.5063291139240507,0.03686635944700461
0.5063291139240507,0.03690036900369004
0.5063291139240507,0.03693444136657433
0.4936708860759494,0.036044362292051754
0.4936708860759494,0.036077705827937095
0.4936708860759494,0.03611111111111111
0.4936708860759494,0.03614457831325301
0.4810126582278481,0.03525046382189239
0.4810126582278481,0.035283194057567316
0.4810126582278481,0.03531598513011153
0.4810126582278481,0.035348837209302326
0.4810126582278481,0.035381750465549346
0.4810126582278481,0.035414725069897485
0.4810126582278481,0.03544776119402985
0.4810126582278481,0.035480859010270774
0.4810126582278481,0.03551401869158879
0.4810126582278481,0.03554724041159962
0.4810126582278481,0.035580524344569285
0.4810126582278481,0.03561387066541706
0.4810126582278481,0.03564727954971857
0.4810126582278481,0.03568075117370892
0.4810126582278481,0.03571428571428571
0.4810126582278481,0.03574788334901223
0.4810126582278481,0.035781544256120526
0.46835443037974683,0.034872761545711596
0.46835443037974683,0.03490566037735849
0.46835443037974683,0.03493862134088763
0.46835443037974683,0.03497164461247637
0.46835443037974683,0.03500473036896878
0.46835443037974683,0.035037878787878785
0.46835443037974683,0.035071090047393366
0.46835443037974683,0.03510436432637571
0.45569620253164556,0.03418803418803419
0.45569620253164556,0.034220532319391636
0.45569620253164556,0.03425309229305423
0.45569620253164556,0.03428571428571429
0.45569620253164556,0.034318398474737846
0.45569620253164556,0.03435114503816794
0.45569620253164556,0.034383954154727794
0.45569620253164556,0.03441682600382409
0.45569620253164556,0.03444976076555024
0.45569620253164556,0.034482758620689655
0.45569620253164556,0.03451581975071908
0.45569620253164556,0.0345489443378119
0.45569620253164556,0.0345821325648415
0.45569620253164556,0.03461538461538462
0.45569620253164556,0.03464870067372473
0.45569620253164556,0.03468208092485549
0.45569620253164556,0.03471552555448409
0.45569620253164556,0.03474903474903475
0.45569620253164556,0.034782608695652174
0.45569620253164556,0.03481624758220503
0.45569620253164556,0.03484995159728945
0.45569620253164556,0.03488372093023256
0.45569620253164556,0.03491755577109602
0.45569620253164556,0.03495145631067961
0.45569620253164556,0.03498542274052478
0.45569620253164556,0.03501945525291829
0.45569620253164556,0.035053554040895815
0.45569620253164556,0.03508771929824561
0.45569620253164556,0.0351219512195122
0.45569620253164556,0.03515625
0.45569620253164556,0.03519061583577713
0.45569620253164556,0.03522504892367906
0.45569620253164556,0.03525954946131244
0.45569620253164556,0.03529411764705882
0.45569620253164556,0.03532875368007851
0.45569620253164556,0.03536345776031434
0.45569620253164556,0.035398230088495575
0.45569620253164556,0.03543307086614173
0.45569620253164556,0.035467980295566505
0.45569620253164556,0.03550295857988166
0.45569620253164556,0.035538005923000986
0.45569620253164556,0.03557312252964427
0.45569620253164556,0.03560830860534125
0.45569620253164556,0.03564356435643564
0.45569620253164556,0.035678889990089196
0.45569620253164556,0.03571428571428571
0.45569620253164556,0.03574975173783516
0.45569620253164556,0.03578528827037773
0.45569620253164556,0.03582089552238806
0.45569620253164556,0.035856573705179286
0.45569620253164556,0.03589232303090728
0.45569620253164556,0.03592814371257485
0.45569620253164556,0.03596403596403597
0.45569620253164556,0.036
0.45569620253164556,0.036036036036036036
0.45569620253164556,0.036072144288577156
0.45569620253164556,0.03610832497492478
0.45569620253164556,0.03614457831325301
0.45569620253164556,0.036180904522613064
0.45569620253164556,0.03621730382293763
0.45569620253164556,0.03625377643504532
0.45569620253164556,0.036290322580645164
0.45569620253164556,0.03632694248234107
0.45569620253164556,0.03636363636363636
0.45569620253164556,0.03640040444893832
0.45569620253164556,0.03643724696356275
0.45569620253164556,0.0364741641337386
0.45569620253164556,0.036511156186612576
0.45569620253164556,0.03654822335025381
0.45569620253164556,0.036585365853658534
0.45569620253164556,0.03662258392675483
0.45569620253164556,0.03665987780040733
0.45569620253164556,0.03669724770642202
0.45569620253164556,0.036734693877551024
0.45569620253164556,0.03677221654749745
0.45569620253164556,0.03680981595092025
0.45569620253164556,0.0368474923234391
0.45569620253164556,0.036885245901639344
0.45569620253164556,0.036923076923076927
0.45569620253164556,0.03696098562628337
0.45569620253164556,0.03699897225077081
0.4430379746835443,0.0360082304526749
0.4430379746835443,0.03604531410916581
0.4430379746835443,0.03608247422680412
0.4430379746835443,0.03611971104231166
0.4430379746835443,0.03615702479338843
0.4430379746835443,0.03619441571871768
0.4430379746835443,0.036231884057971016
0.4430379746835443,0.03626943005181347
0.4430379746835443,0.03630705394190872
0.4430379746835443,0.036344755970924195
0.4430379746835443,0.036382536382536385
0.4430379746835443,0.036420395421436005
0.4430379746835443,0.036458333333333336
0.4430379746835443,0.0364963503649635
0.4430379746835443,0.03653444676409186
0.4430379746835443,0.03657262277951933
0.4430379746835443,0.036610878661087864
0.4430379746835443,0.03664921465968586
0.4430379746835443,0.03668763102725367
0.4430379746835443,0.03672612801678909
0.4430379746835443,0.03676470588235294
0.4430379746835443,0.03680336487907466
0.4430379746835443,0.03684210526315789
0.4430379746835443,0.0368809272918862
0.43037974683544306,0.035864978902953586
0.43037974683544306,0.03590285110876452
0.43037974683544306,0.035940803382663845
0.43037974683544306,0.03597883597883598
0.43037974683544306,0.036016949152542374
0.43037974683544306,0.036055143160127257
0.43037974683544306,0.036093418259023353
0.43037974683544306,0.036131774707757705
0.43037974683544306,0.036170212765957444
0.43037974683544306,0.0362087326943557
0.43037974683544306,0.03624733475479744
0.43037974683544306,0.03628601921024546
0.43037974683544306,0.03632478632478633
0.43037974683544306,0.03636363636363636
0.43037974683544306,0.03640256959314775
0.43037974683544306,0.03644158628081458
0.43037974683544306,0.03648068669527897
0.43037974683544306,0.036519871106337275
0.43037974683544306,0.03655913978494624
0.43037974683544306,0.03659849300322928
0.43037974683544306,0.036637931034482756
0.43037974683544306,0.036677454153182305
0.43037974683544306,0.0367170626349892
0.43037974683544306,0.036756756756756756
0.43037974683544306,0.0367965367965368
0.43037974683544306,0.03683640303358613
0.43037974683544306,0.0368763557483731
0.43037974683544306,0.03691639522258415
0.43037974683544306,0.03695652173913044
0.43037974683544306,0.036996735582154515
0.43037974683544306,0.037037037037037035
0.43037974683544306,0.03707742639040349
0.43037974683544306,0.03711790393013101
0.43037974683544306,0.03715846994535519
0.43037974683544306,0.037199124726477024
0.4177215189873418,0.03614457831325301
0.4177215189873418,0.03618421052631579
0.4177215189873418,0.036223929747530186
0.4177215189873418,0.03626373626373627
0.4177215189873418,0.036303630363036306
0.4177215189873418,0.03634361233480176
0.4177215189873418,0.03638368246968027
0.4177215189873418,0.03642384105960265
0.4177215189873418,0.036464088397790057
0.4177215189873418,0.03650442477876106
0.4177215189873418,0.036544850498338874
0.4177215189873418,0.036585365853658534
0.4177215189873418,0.03662597114317425
0.4177215189873418,0.03666666666666667
0.4177215189873418,0.03670745272525028
0.4177215189873418,0.036748329621380846
0.4177215189873418,0.03678929765886288
0.4177215189873418,0.036830357142857144
0.4177215189873418,0.03687150837988827
0.4177215189873418,0.03691275167785235
0.4177215189873418,0.036954087346024636
0.4177215189873418,0.03699551569506727
0.4177215189873418,0.037037037037037035
0.4177215189873418,0.03707865168539326
0.4177215189873418,0.03712035995500562
0.4177215189873418,0.037162162162162164
0.4177215189873418,0.03720405862457723
0.4177215189873418,0.03724604966139955
0.4177215189873418,0.03728813559322034
0.4177215189873418,0.03733031674208145
0.4177215189873418,0.03737259343148358
0.4177215189873418,0.03741496598639456
0.4050632911392405,0.036322360953461974
0.4050632911392405,0.03636363636363636
0.4050632911392405,0.03640500568828214
0.4050632911392405,0.03644646924829157
0.4050632911392405,0.036488027366020526
0.4050632911392405,0.0365296803652968
0.4050632911392405,0.036571428571428574
0.4050632911392405,0.036613272311212815
0.4050632911392405,0.03665521191294387
0.4050632911392405,0.03669724770642202
0.4050632911392405,0.03673938002296211
0.4050632911392405,0.0367816091954023
0.4050632911392405,0.03682393555811277
0.4050632911392405,0.03686635944700461
0.4050632911392405,0.03690888119953864
0.4050632911392405,0.03695150115473441
0.4050632911392405,0.03699421965317919
0.4050632911392405,0.037037037037037035
0.4050632911392405,0.03707995365005794
0.4050632911392405,0.037122969837587005
0.4050632911392405,0.03716608594657375
0.4050632911392405,0.037209302325581395
0.4050632911392405,0.037252619324796274
0.4050632911392405,0.037296037296037296
0.4050632911392405,0.03733955659276546
0.4050632911392405,0.037383177570093455
0.4050632911392405,0.03742690058479532
0.4050632911392405,0.03747072599531616
0.4050632911392405,0.03751465416178194
0.4050632911392405,0.03755868544600939
0.4050632911392405,0.03760282021151586
0.4050632911392405,0.03764705882352941
0.4050632911392405,0.03769140164899882
0.4050632911392405,0.03773584905660377
0.4050632911392405,0.03778040141676505
0.4050632911392405,0.037825059101654845
0.4050632911392405,0.0378698224852071
0.4050632911392405,0.037914691943127965
0.4050632911392405,0.03795966785290629
0.4050632911392405,0.03800475059382423
0.4050632911392405,0.03804994054696789
0.4050632911392405,0.0380952380952381
0.4050632911392405,0.03814064362336114
0.4050632911392405,0.03818615751789976
0.4050632911392405,0.038231780167264036
0.4050632911392405,0.03827751196172249
0.4050632911392405,0.03832335329341317
0.4050632911392405,0.03836930455635491
0.4050632911392405,0.03841536614645858
0.4050632911392405,0.038461538461538464
0.4050632911392405,0.03850782190132371
0.4050632911392405,0.03855421686746988
0.4050632911392405,0.038600723763570564
0.4050632911392405,0.03864734299516908
0.4050632911392405,0.03869407496977025
0.4050632911392405,0.0387409200968523
0.4050632911392405,0.03878787878787879
0.4050632911392405,0.038834951456310676
0.4050632911392405,0.038882138517618466
0.4050632911392405,0.038929440389294405
0.4050632911392405,0.0389768574908648
0.4050632911392405,0.03902439024390244
0.4050632911392405,0.03907203907203907
0.4050632911392405,0.039119804400977995
0.4050632911392405,0.03916768665850673
0.4050632911392405,0.0392156862745098
0.4050632911392405,0.0392638036809816
0.4050632911392405,0.03931203931203931
0.4050632911392405,0.03936039360393604
0.4050632911392405,0.03940886699507389
0.4050632911392405,0.03945745992601726
0.4050632911392405,0.03950617283950617
0.4050632911392405,0.03955500618046971
0.4050632911392405,0.039603960396039604
0.4050632911392405,0.03965303593556382
0.4050632911392405,0.03970223325062035
0.4050632911392405,0.03975155279503106
0.4050632911392405,0.03980099502487562
0.4050632911392405,0.039850560398505604
0.3924050632911392,0.03865336658354115
0.3924050632911392,0.03870162297128589
0.3924050632911392,0.03875
0.3924050632911392,0.03879849812265332
0.3924050632911392,0.03884711779448621
0.3924050632911392,0.03889585947302384
0.3924050632911392,0.038944723618090454
0.3924050632911392,0.0389937106918239
0.3924050632911392,0.03904282115869018
0.3924050632911392,0.03909205548549811
0.3924050632911392,0.039141414141414144
0.3924050632911392,0.039190897597977246
0.3924050632911392,0.039240506329113925
0.3924050632911392,0.03929024081115336
0.3924050632911392,0.03934010152284264
0.3924050632911392,0.03939008894536213
0.3924050632911392,0.039440203562340966
0.3924050632911392,0.03949044585987261
0.3924050632911392,0.039540816326530615
0.3924050632911392,0.03959131545338442
0.3924050632911392,0.03964194373401535
0.3924050632911392,0.03969270166453265
0.3924050632911392,0.03974358974358974
0.3924050632911392,0.03979460847240052
0.3924050632911392,0.03984575835475578
0.3924050632911392,0.039897039897039896
0.3924050632911392,0.03994845360824742
0.3924050632911392,0.04
0.3924050632911392,0.040051679586563305
0.3924050632911392,0.040103492884864166
0.379746835443038,0.038860103626943004
0.379746835443038,0.038910505836575876
0.379746835443038,0.03896103896103896
0.379746835443038,0.03901170351105332
0.379746835443038,0.0390625
0.379746835443038,0.03911342894393742
0.379746835443038,0.0391644908616188
0.379746835443038,0.0392156862745098
0.379746835443038,0.03926701570680628
0.379746835443038,0.039318479685452164
0.379746835443038,0.03937007874015748
0.379746835443038,0.03942181340341656
0.379746835443038,0.039473684210526314
0.379746835443038,0.039525691699604744
0.3670886075949367,0.03825857519788918
0.3670886075949367,0.03830911492734478
0.3670886075949367,0.03835978835978836
0.3670886075949367,0.038410596026490065
0.35443037974683544,0.03713527851458886
0.35443037974683544,0.03718459495351926
0.35443037974683544,0.03723404255319149
0.35443037974683544,0.037283621837549935
0.35443037974683544,0.037333333333333336
0.35443037974683544,0.037383177570093455
0.35443037974683544,0.0374331550802139
0.35443037974683544,0.03748326639892905
0.35443037974683544,0.03753351206434316
0.35443037974683544,0.03758389261744966
0.35443037974683544,0.03763440860215054
0.35443037974683544,0.03768506056527591
0.35443037974683544,0.03773584905660377
0.35443037974683544,0.037786774628879895
0.35443037974683544,0.03783783783783784
0.34177215189873417,0.036535859269282815
0.34177215189873417,0.036585365853658534
0.34177215189873417,0.036635006784260515
0.34177215189873417,0.036684782608695655
0.34177215189873417,0.036734693877551024
0.34177215189873417,0.03678474114441417
0.34177215189873417,0.036834924965893585
0.3291139240506329,0.03551912568306011
0.3291139240506329,0.03556771545827633
0.3291139240506329,0.03561643835616438
0.3291139240506329,0.03566529492455418
0.3291139240506329,0.03571428571428571
0.3291139240506329,0.03576341127922971
0.3291139240506329,0.03581267217630854
0.3291139240506329,0.03586206896551724
0.3291139240506329,0.03591160220994475
0.3291139240506329,0.035961272475795295
0.3291139240506329,0.036011080332409975
0.3291139240506329,0.036061026352288486
0.3291139240506329,0.03611111111111111
0.3291139240506329,0.03616133518776078
0.3291139240506329,0.036211699164345405
0.3291139240506329,0.03626220362622036
0.3291139240506329,0.036312849162011177
0.3291139240506329,0.03636363636363636
0.3291139240506329,0.036414565826330535
0.3291139240506329,0.0364656381486676
0.3291139240506329,0.03651685393258427
0.3291139240506329,0.03656821378340366
0.3291139240506329,0.036619718309859155
0.3291139240506329,0.036671368124118475
0.3291139240506329,0.03672316384180791
0.3291139240506329,0.036775106082036775
0.3291139240506329,0.036827195467422094
0.3291139240506329,0.03687943262411347
0.3291139240506329,0.036931818181818184
0.3291139240506329,0.03698435277382646
0.3291139240506329,0.037037037037037035
0.3291139240506329,0.037089871611982884
0.3291139240506329,0.037142857142857144
0.3291139240506329,0.03719599427753934
0.3291139240506329,0.03724928366762178
0.3291139240506329,0.03730272596843615
0.3291139240506329,0.03735632183908046
0.3291139240506329,0.03741007194244604
0.3291139240506329,0.037463976945244955
0.3291139240506329,0.03751803751803752
0.3291139240506329,0.03757225433526012
0.3291139240506329,0.03762662807525326
0.3291139240506329,0.03768115942028986
0.3291139240506329,0.03773584905660377
0.3291139240506329,0.0377906976744186
0.3291139240506329,0.03784570596797671
0.3291139240506329,0.037900874635568516
0.3291139240506329,0.03795620437956204
0.3291139240506329,0.038011695906432746
0.3291139240506329,0.03806734992679356
0.3291139240506329,0.03812316715542522
0.3291139240506329,0.0381791483113069
0.3291139240506329,0.03823529411764706
0.3291139240506329,0.03829160530191458
0.3291139240506329,0.038348082595870206
0.3291139240506329,0.03840472673559823
0.3291139240506329,0.038461538461538464
0.3291139240506329,0.03851851851851852
0.3291139240506329,0.03857566765578635
0.3291139240506329,0.03863298662704309
0.3291139240506329,0.03869047619047619
0.3291139240506329,0.038748137108792845
0.3291139240506329,0.03880597014925373
0.3291139240506329,0.03886397608370702
0.3291139240506329,0.038922155688622756
0.3291139240506329,0.038980509745127435
0.3291139240506329,0.03903903903903904
0.3291139240506329,0.039097744360902256
0.3291139240506329,0.0391566265060241
0.3291139240506329,0.0392156862745098
0.3291139240506329,0.03927492447129909
0.3291139240506329,0.039334341906202726
0.3291139240506329,0.03939393939393939
0.3291139240506329,0.03945371775417299
0.3291139240506329,0.03951367781155015
0.3291139240506329,0.0395738203957382
0.3291139240506329,0.039634146341463415
0.3291139240506329,0.03969465648854962
0.3291139240506329,0.039755351681957186
0.3291139240506329,0.039816232771822356
0.3291139240506329,0.03987730061349693
0.3291139240506329,0.039938556067588324
0.3291139240506329,0.04
0.3291139240506329,0.040061633281972264
0.3291139240506329,0.040123456790123455
0.3291139240506329,0.0401854714064915
0.3291139240506329,0.04024767801857585
0.3291139240506329,0.040310077519379844
0.3291139240506329,0.040372670807453416
0.3291139240506329,0.04043545878693624
0.3291139240506329,0.040498442367601244
0.3291139240506329,0.0405616224648986
0.3291139240506329,0.040625
0.3291139240506329,0.0406885758998435
0.3291139240506329,0.04075235109717868
0.3291139240506329,0.04081632653061224
0.3291139240506329,0.040880503144654086
0.3291139240506329,0.04094488188976378
0.3291139240506329,0.04100946372239748
0.3291139240506329,0.04107424960505529
0.3291139240506329,0.04113924050632911
0.3291139240506329,0.04120443740095087
0.3291139240506329,0.04126984126984127
0.3291139240506329,0.04133545310015898
0.3291139240506329,0.041401273885350316
0.3291139240506329,0.04146730462519936
0.3291139240506329,0.04153354632587859
0.3291139240506329,0.0416
0.3291139240506329,0.041666666666666664
0.3291139240506329,0.04173354735152488
0.3291139240506329,0.04180064308681672
0.3291139240506329,0.04186795491143317
0.3291139240506329,0.041935483870967745
0.3291139240506329,0.0420032310177706
0.3291139240506329,0.042071197411003236
0.3291139240506329,0.04213938411669368
0.3291139240506329,0.04220779220779221
0.3291139240506329,0.04227642276422764
0.3291139240506329,0.04234527687296417
0.3291139240506329,0.04241435562805873
0.3291139240506329,0.042483660130718956
0.3291139240506329,0.0425531914893617
0.3291139240506329,0.04262295081967213
0.3291139240506329,0.042692939244663386
0.3291139240506329,0.04276315789473684
0.3291139240506329,0.042833607907743
0.3291139240506329,0.0429042904290429
0.3291139240506329,0.04297520661157025
0.3291139240506329,0.04304635761589404
0.3291139240506329,0.04311774461028192
0.3291139240506329,0.04318936877076412
0.3291139240506329,0.04326123128119801
0.3291139240506329,0.043333333333333335
0.3291139240506329,0.04340567612687813
0.3291139240506329,0.043478260869565216
0.3291139240506329,0.04355108877721943
0.3291139240506329,0.0436241610738255
0.3291139240506329,0.043697478991596636
0.3291139240506329,0.04377104377104377
0.3291139240506329,0.04384485666104553
0.3291139240506329,0.04391891891891892
0.3291139240506329,0.043993231810490696
0.3291139240506329,0.04406779661016949
0.3291139240506329,0.044142614601018676
0.3291139240506329,0.04421768707482993
0.31645569620253167,0.04258943781942078
0.31645569620253167,0.042662116040955635
0.31645569620253167,0.042735042735042736
0.31645569620253167,0.04280821917808219
0.31645569620253167,0.04288164665523156
0.31645569620253167,0.0429553264604811
0.31645569620253167,0.043029259896729774
0.31645569620253167,0.04310344827586207
0.31645569620253167,0.04317789291882556
0.31645569620253167,0.04325259515570934
0.31645569620253167,0.043327556325823226
0.31645569620253167,0.043402777777777776
0.31645569620253167,0.043478260869565216
0.31645569620253167,0.04355400696864112
0.31645569620253167,0.04363001745200698
0.3037974683544304,0.04195804195804196
0.3037974683544304,0.04203152364273205
0.3037974683544304,0.042105263157894736
0.3037974683544304,0.0421792618629174
0.3037974683544304,0.04225352112676056
0.3037974683544304,0.042328042328042326
0.3037974683544304,0.04240282685512368
0.3037974683544304,0.04247787610619469
0.3037974683544304,0.0425531914893617
0.3037974683544304,0.04262877442273535
0.3037974683544304,0.042704626334519574
0.3037974683544304,0.0427807486631016
0.3037974683544304,0.04285714285714286
0.3037974683544304,0.04293381037567084
0.3037974683544304,0.043010752688172046
0.3037974683544304,0.04308797127468582
0.3037974683544304,0.04316546762589928
0.3037974683544304,0.043243243243243246
0.3037974683544304,0.04332129963898917
0.3037974683544304,0.0433996383363472
0.3037974683544304,0.043478260869565216
0.3037974683544304,0.043557168784029036
0.3037974683544304,0.04363636363636364
0.3037974683544304,0.04371584699453552
0.3037974683544304,0.043795620437956206
0.3037974683544304,0.043875685557586835
0.3037974683544304,0.04395604395604396
0.3037974683544304,0.044036697247706424
0.3037974683544304,0.04411764705882353
0.3037974683544304,0.04419889502762431
0.3037974683544304,0.04428044280442804
0.3037974683544304,0.04436229205175601
0.3037974683544304,0.044444444444444446
0.3037974683544304,0.04452690166975881
0.3037974683544304,0.04460966542750929
0.3037974683544304,0.0446927374301676
0.3037974683544304,0.04477611940298507
0.3037974683544304,0.044859813084112146
0.3037974683544304,0.0449438202247191
0.3037974683544304,0.0450281425891182
0.3037974683544304,0.045112781954887216
0.3037974683544304,0.04519774011299435
0.3037974683544304,0.045283018867924525
0.3037974683544304,0.045368620037807186
0.3037974683544304,0.045454545454545456
0.3037974683544304,0.04554079696394687
0.3037974683544304,0.045627376425855515
0.3037974683544304,0.045714285714285714
0.3037974683544304,0.04580152671755725
0.3037974683544304,0.045889101338432124
0.3037974683544304,0.04597701149425287
0.3037974683544304,0.046065259117082535
0.3037974683544304,0.046153846153846156
0.3037974683544304,0.046242774566473986
0.3037974683544304,0.04633204633204633
0.3037974683544304,0.04642166344294004
0.3037974683544304,0.046511627906976744
0.3037974683544304,0.04660194174757282
0.3037974683544304,0.04669260700389105
0.3037974683544304,0.04678362573099415
0.3037974683544304,0.046875
0.3037974683544304,0.046966731898238745
0.3037974683544304,0.047058823529411764
0.3037974683544304,0.047151277013752456
0.3037974683544304,0.047244094488188976
0.3037974683544304,0.047337278106508875
0.3037974683544304,0.04743083003952569
0.3037974683544304,0.047524752475247525
0.3037974683544304,0.047619047619047616
0.3037974683544304,0.04771371769383698
0.3037974683544304,0.04780876494023904
0.3037974683544304,0.04790419161676647
0.3037974683544304,0.048
0.3037974683544304,0.04809619238476954
0.3037974683544304,0.04819277108433735
0.3037974683544304,0.0482897384305835
0.3037974683544304,0.04838709677419355
0.3037974683544304,0.048484848484848485
0.3037974683544304,0.048582995951417005
0.3037974683544304,0.0486815415821501
0.3037974683544304,0.04878048780487805
0.3037974683544304,0.048879837067209775
0.3037974683544304,0.04897959183673469
0.3037974683544304,0.049079754601226995
0.3037974683544304,0.04918032786885246
0.3037974683544304,0.049281314168377825
0.3037974683544304,0.04938271604938271
0.3037974683544304,0.049484536082474224
0.3037974683544304,0.049586776859504134
0.3037974683544304,0.049689440993788817
0.3037974683544304,0.04979253112033195
0.3037974683544304,0.0498960498960499
0.3037974683544304,0.05
0.3037974683544304,0.05010438413361169
0.3037974683544304,0.0502092050209205
0.3037974683544304,0.050314465408805034
0.3037974683544304,0.05042016806722689
0.3037974683544304,0.05052631578947368
0.3037974683544304,0.05063291139240506
0.3037974683544304,0.0507399577167019
0.3037974683544304,0.05084745762711865
0.3037974683544304,0.050955414012738856
0.3037974683544304,0.05106382978723404
0.3037974683544304,0.0511727078891258
0.3037974683544304,0.05128205128205128
0.3037974683544304,0.05139186295503212
0.3037974683544304,0.05150214592274678
0.3037974683544304,0.05161290322580645
0.3037974683544304,0.05172413793103448
0.3037974683544304,0.05183585313174946
0.3037974683544304,0.05194805194805195
0.3037974683544304,0.052060737527114966
0.3037974683544304,0.05217391304347826
0.3037974683544304,0.05228758169934641
0.3037974683544304,0.05240174672489083
0.3037974683544304,0.0525164113785558
0.3037974683544304,0.05263157894736842
0.3037974683544304,0.05274725274725275
0.3037974683544304,0.05286343612334802
0.3037974683544304,0.052980132450331126
0.3037974683544304,0.05309734513274336
0.3037974683544304,0.05321507760532151
0.3037974683544304,0.05333333333333334
0.3037974683544304,0.053452115812917596
0.3037974683544304,0.05357142857142857
0.3037974683544304,0.053691275167785234
0.3037974683544304,0.053811659192825115
0.3037974683544304,0.05393258426966292
0.3037974683544304,0.05405405405405406
0.3037974683544304,0.05417607223476298
0.3037974683544304,0.05429864253393665
0.3037974683544304,0.05442176870748299
0.3037974683544304,0.05454545454545454
0.3037974683544304,0.05466970387243736
0.3037974683544304,0.0547945205479452
0.3037974683544304,0.05491990846681922
0.3037974683544304,0.05504587155963303
0.3037974683544304,0.05517241379310345
0.3037974683544304,0.055299539170506916
0.3037974683544304,0.05542725173210162
0.3037974683544304,0.05555555555555555
0.3037974683544304,0.05568445475638051
0.3037974683544304,0.05581395348837209
0.3037974683544304,0.055944055944055944
0.3037974683544304,0.056074766355140186
0.3037974683544304,0.05620608899297424
0.3037974683544304,0.056338028169014086
0.3037974683544304,0.05647058823529412
0.3037974683544304,0.05660377358490566
0.3037974683544304,0.05673758865248227
0.3037974683544304,0.05687203791469194
0.3037974683544304,0.057007125890736345
0.3037974683544304,0.05714285714285714
0.3037974683544304,0.057279236276849645
0.3037974683544304,0.05741626794258373
0.3037974683544304,0.05755395683453238
0.3037974683544304,0.057692307692307696
0.3037974683544304,0.05783132530120482
0.3037974683544304,0.057971014492753624
0.3037974683544304,0.05811138014527845
0.3037974683544304,0.05825242718446602
0.3037974683544304,0.058394160583941604
0.3037974683544304,0.05853658536585366
0.3037974683544304,0.05867970660146699
0.3037974683544304,0.058823529411764705
0.3037974683544304,0.05896805896805897
0.3037974683544304,0.059113300492610835
0.3037974683544304,0.05925925925925926
0.3037974683544304,0.0594059405940594
0.3037974683544304,0.05955334987593052
0.3037974683544304,0.05970149253731343
0.3037974683544304,0.059850374064837904
0.3037974683544304,0.06
0.3037974683544304,0.06015037593984962
0.3037974683544304,0.06030150753768844
0.3037974683544304,0.060453400503778336
0.3037974683544304,0.06060606060606061
0.3037974683544304,0.060759493670886074
0.3037974683544304,0.06091370558375635
0.3037974683544304,0.061068702290076333
0.3037974683544304,0.061224489795918366
0.3037974683544304,0.061381074168797956
0.3037974683544304,0.06153846153846154
0.3037974683544304,0.061696658097686374
0.3037974683544304,0.061855670103092786
0.3037974683544304,0.06201550387596899
0.3037974683544304,0.06217616580310881
0.3037974683544304,0.06233766233766234
0.3037974683544304,0.0625
0.3037974683544304,0.06266318537859007
0.3037974683544304,0.06282722513089005
0.3037974683544304,0.06299212598425197
0.3037974683544304,0.06315789473684211
0.3037974683544304,0.0633245382585752
0.3037974683544304,0.06349206349206349
0.3037974683544304,0.0636604774535809
0.3037974683544304,0.06382978723404255
0.3037974683544304,0.064
0.3037974683544304,0.06417112299465241
0.3037974683544304,0.064343163538874
0.3037974683544304,0.06451612903225806
0.3037974683544304,0.0646900269541779
0.3037974683544304,0.06486486486486487
0.3037974683544304,0.06504065040650407
0.3037974683544304,0.06521739130434782
0.3037974683544304,0.0653950953678474
0.3037974683544304,0.06557377049180328
0.3037974683544304,0.06575342465753424
0.3037974683544304,0.06593406593406594
0.3037974683544304,0.06611570247933884
0.3037974683544304,0.06629834254143646
0.3037974683544304,0.0664819944598338
0.3037974683544304,0.06666666666666667
0.3037974683544304,0.06685236768802229
0.3037974683544304,0.0670391061452514
0.3037974683544304,0.06722689075630252
0.3037974683544304,0.06741573033707865
0.3037974683544304,0.0676056338028169
0.3037974683544304,0.06779661016949153
0.3037974683544304,0.0679886685552408
0.3037974683544304,0.06818181818181818
0.3037974683544304,0.06837606837606838
0.3037974683544304,0.06857142857142857
0.3037974683544304,0.06876790830945559
0.3037974683544304,0.06896551724137931
0.3037974683544304,0.069164265129683
0.3037974683544304,0.06936416184971098
0.3037974683544304,0.06956521739130435
0.3037974683544304,0.06976744186046512
0.3037974683544304,0.06997084548104957
0.3037974683544304,0.07017543859649122
0.3037974683544304,0.07038123167155426
0.3037974683544304,0.07058823529411765
0.3037974683544304,0.07079646017699115
0.3037974683544304,0.07100591715976332
0.3037974683544304,0.0712166172106825
0.3037974683544304,0.07142857142857142
0.3037974683544304,0.07164179104477612
0.3037974683544304,0.0718562874251497
0.3037974683544304,0.07207207207207207
0.3037974683544304,0.07228915662650602
0.3037974683544304,0.07250755287009064
0.3037974683544304,0.07272727272727272
0.3037974683544304,0.0729483282674772
0.3037974683544304,0.07317073170731707
0.3037974683544304,0.07339449541284404
0.3037974683544304,0.0736196319018405
0.3037974683544304,0.07384615384615385
0.3037974683544304,0.07407407407407407
0.3037974683544304,0.07430340557275542
0.3037974683544304,0.07453416149068323
0.3037974683544304,0.07476635514018691
0.3037974683544304,0.075
0.3037974683544304,0.07523510971786834
0.3037974683544304,0.07547169811320754
0.3037974683544304,0.07570977917981073
0.3037974683544304,0.0759493670886076
0.3037974683544304,0.0761904761904762
0.3037974683544304,0.07643312101910828
0.3037974683544304,0.07667731629392971
0.3037974683544304,0.07692307692307693
0.3037974683544304,0.07717041800643087
0.3037974683544304,0.07741935483870968
0.3037974683544304,0.07766990291262135
0.3037974683544304,0.07792207792207792
0.3037974683544304,0.0781758957654723
0.3037974683544304,0.0784313725490196
0.3037974683544304,0.07868852459016394
0.3037974683544304,0.07894736842105263
0.3037974683544304,0.07920792079207921
0.3037974683544304,0.07947019867549669
0.3037974683544304,0.07973421926910298
0.3037974683544304,0.08
0.3037974683544304,0.0802675585284281
0.3037974683544304,0.08053691275167785
0.3037974683544304,0.08080808080808081
0.3037974683544304,0.08108108108108109
0.3037974683544304,0.08135593220338982
0.3037974683544304,0.08163265306122448
0.3037974683544304,0.08191126279863481
0.3037974683544304,0.0821917808219178
0.3037974683544304,0.08247422680412371
0.3037974683544304,0.08275862068965517
0.3037974683544304,0.08304498269896193
0.3037974683544304,0.08333333333333333
0.3037974683544304,0.08362369337979095
0.3037974683544304,0.08391608391608392
0.3037974683544304,0.08421052631578947
0.3037974683544304,0.08450704225352113
0.3037974683544304,0.08480565371024736
0.3037974683544304,0.0851063829787234
0.3037974683544304,0.08540925266903915
0.3037974683544304,0.08571428571428572
0.3037974683544304,0.08602150537634409
0.3037974683544304,0.08633093525179857
0.3037974683544304,0.08664259927797834
0.3037974683544304,0.08695652173913043
0.3037974683544304,0.08727272727272728
0.3037974683544304,0.08759124087591241
0.3037974683544304,0.08791208791208792
0.3037974683544304,0.08823529411764706
0.3037974683544304,0.08856088560885608
0.3037974683544304,0.08888888888888889
0.3037974683544304,0.08921933085501858
0.3037974683544304,0.08955223880597014
0.3037974683544304,0.0898876404494382
0.3037974683544304,0.09022556390977443
0.3037974683544304,0.09056603773584905
0.3037974683544304,0.09090909090909091
0.3037974683544304,0.09125475285171103
0.3037974683544304,0.0916030534351145
0.3037974683544304,0.09195402298850575
0.3037974683544304,0.09230769230769231
0.3037974683544304,0.09266409266409266
0.3037974683544304,0.09302325581395349
0.3037974683544304,0.0933852140077821
0.3037974683544304,0.09375
0.3037974683544304,0.09411764705882353
0.3037974683544304,0.09448818897637795
0.3037974683544304,0.09486166007905138
0.3037974683544304,0.09523809523809523
0.3037974683544304,0.09561752988047809
0.3037974683544304,0.096
0.3037974683544304,0.0963855421686747
0.3037974683544304,0.0967741935483871
0.3037974683544304,0.09716599190283401
0.3037974683544304,0.0975609756097561
0.3037974683544304,0.09795918367346938
0.3037974683544304,0.09836065573770492
0.3037974683544304,0.09876543209876543
0.3037974683544304,0.09917355371900827
0.3037974683544304,0.0995850622406639
0.3037974683544304,0.1
0.3037974683544304,0.100418410041841
0.3037974683544304,0.10084033613445378
0.2911392405063291,0.0970464135021097
0.2911392405063291,0.09745762711864407
0.2911392405063291,0.09787234042553192
0.2911392405063291,0.09829059829059829
0.2911392405063291,0.09871244635193133
0.2911392405063291,0.09913793103448276
0.2911392405063291,0.09956709956709957
0.2911392405063291,0.1
0.2911392405063291,0.10043668122270742
0.2911392405063291,0.10087719298245613
0.2911392405063291,0.1013215859030837
0.2911392405063291,0.10176991150442478
0.2911392405063291,0.10222222222222223
0.2911392405063291,0.10267857142857142
0.2911392405063291,0.1031390134529148
0.2911392405063291,0.1036036036036036
0.2911392405063291,0.10407239819004525
0.2911392405063291,0.10454545454545454
0.2911392405063291,0.1050228310502283
0.2911392405063291,0.10550458715596331
0.2911392405063291,0.10599078341013825
0.2911392405063291,0.10648148148148148
0.2911392405063291,0.10697674418604651
0.2911392405063291,0.10747663551401869
0.2911392405063291,0.107981220657277
0.2911392405063291,0.10849056603773585
0.2911392405063291,0.10900473933649289
0.2911392405063291,0.10952380952380952
0.2911392405063291,0.11004784688995216
0.2911392405063291,0.11057692307692307
0.2911392405063291,0.1111111111111111
0.2911392405063291,0.11165048543689321
0.2911392405063291,0.11219512195121951
0.2911392405063291,0.11274509803921569
0.2911392405063291,0.11330049261083744
0.2911392405063291,0.11386138613861387
0.2911392405063291,0.11442786069651742
0.2911392405063291,0.115
0.2911392405063291,0.11557788944723618
0.2911392405063291,0.11616161616161616
0.2911392405063291,0.116751269035533
0.2911392405063291,0.11734693877551021
0.2911392405063291,0.11794871794871795
0.2911392405063291,0.11855670103092783
0.2911392405063291,0.11917098445595854
0.2911392405063291,0.11979166666666667
0.2911392405063291,0.12041884816753927
0.2911392405063291,0.12105263157894737
0.2911392405063291,0.12169312169312169
0.2911392405063291,0.12234042553191489
0.2911392405063291,0.12299465240641712
0.2911392405063291,0.12365591397849462
0.2911392405063291,0.12432432432432433
0.2911392405063291,0.125
0.2911392405063291,0.12568306010928962
0.2911392405063291,0.12637362637362637
0.2911392405063291,0.1270718232044199
0.2911392405063291,0.12777777777777777
0.2911392405063291,0.12849162011173185
0.2911392405063291,0.12921348314606743
0.2911392405063291,0.12994350282485875
0.2911392405063291,0.13068181818181818
0.2911392405063291,0.13142857142857142
0.2911392405063291,0.13218390804597702
0.27848101265822783,0.12716763005780346
0.27848101265822783,0.12790697674418605
0.27848101265822783,0.1286549707602339
0.27848101265822783,0.12941176470588237
0.27848101265822783,0.1301775147928994
0.27848101265822783,0.13095238095238096
0.27848101265822783,0.1317365269461078
0.27848101265822783,0.13253012048192772
0.27848101265822783,0.13333333333333333
0.27848101265822783,0.13414634146341464
0.27848101265822783,0.13496932515337423
0.27848101265822783,0.13580246913580246
0.27848101265822783,0.13664596273291926
0.27848101265822783,0.1375
0.27848101265822783,0.13836477987421383
0.27848101265822783,0.13924050632911392
0.26582278481012656,0.1337579617834395
0.26582278481012656,0.1346153846153846
0.26582278481012656,0.13548387096774195
0.26582278481012656,0.13636363636363635
0.26582278481012656,0.13725490196078433
0.26582278481012656,0.13815789473684212
0.26582278481012656,0.1390728476821192
0.26582278481012656,0.14
0.26582278481012656,0.14093959731543623
0.26582278481012656,0.14189189189189189
0.26582278481012656,0.14285714285714285
0.26582278481012656,0.14383561643835616
0.26582278481012656,0.14482758620689656
0.26582278481012656,0.14583333333333334
0.26582278481012656,0.14685314685314685
0.26582278481012656,0.14788732394366197
0.26582278481012656,0.14893617021276595
0.26582278481012656,0.15
0.26582278481012656,0.1510791366906475
0.26582278481012656,0.15217391304347827
0.26582278481012656,0.15328467153284672
0.26582278481012656,0.15441176470588236
0.26582278481012656,0.15555555555555556
0.26582278481012656,0.15671641791044777
0.26582278481012656,0.15789473684210525
0.26582278481012656,0.1590909090909091
0.26582278481012656,0.16030534351145037
0.26582278481012656,0.16153846153846155
0.26582278481012656,0.16279069767441862
0.26582278481012656,0.1640625
0.26582278481012656,0.16535433070866143
0.26582278481012656,0.16666666666666666
0.26582278481012656,0.168
0.26582278481012656,0.1693548387096774
0.26582278481012656,0.17073170731707318
0.26582278481012656,0.1721311475409836
0.26582278481012656,0.17355371900826447
0.26582278481012656,0.175
0.26582278481012656,0.17647058823529413
0.26582278481012656,0.17796610169491525
0.25316455696202533,0.17094017094017094
0.25316455696202533,0.1724137931034483
0.25316455696202533,0.17391304347826086
0.25316455696202533,0.17543859649122806
0.25316455696202533,0.17699115044247787
0.25316455696202533,0.17857142857142858
0.25316455696202533,0.18018018018018017
0.24050632911392406,0.17272727272727273
0.24050632911392406,0.1743119266055046
0.22784810126582278,0.16666666666666666
0.22784810126582278,0.16822429906542055
0.22784810126582278,0.16981132075471697
0.22784810126582278,0.17142857142857143
0.22784810126582278,0.17307692307692307
0.21518987341772153,0.1650485436893204
0.21518987341772153,0.16666666666666666
0.21518987341772153,0.16831683168316833
0.21518987341772153,0.17
0.21518987341772153,0.1717171717171717
0.21518987341772153,0.17346938775510204
0.21518987341772153,0.17525773195876287
0.21518987341772153,0.17708333333333334
0.21518987341772153,0.17894736842105263
0.21518987341772153,0.18085106382978725
0.21518987341772153,0.1827956989247312
0.21518987341772153,0.18478260869565216
0.21518987341772153,0.18681318681318682
0.21518987341772153,0.18888888888888888
0.21518987341772153,0.19101123595505617
0.21518987341772153,0.19318181818181818
0.21518987341772153,0.19540229885057472
0.21518987341772153,0.19767441860465115
0.21518987341772153,0.2
0.20253164556962025,0.19047619047619047
0.189873417721519,0.18072289156626506
0.189873417721519,0.18292682926829268
0.189873417721519,0.18518518518518517
0.17721518987341772,0.175
0.17721518987341772,0.17721518987341772
0.17721518987341772,0.1794871794871795
0.16455696202531644,0.16883116883116883
0.16455696202531644,0.17105263157894737
0.16455696202531644,0.17333333333333334
0.16455696202531644,0.17567567567567569
0.16455696202531644,0.1780821917808219
0.16455696202531644,0.18055555555555555
0.16455696202531644,0.18309859154929578
0.16455696202531644,0.18571428571428572
0.1518987341772152,0.17391304347826086
0.1518987341772152,0.17647058823529413
0.13924050632911392,0.16417910447761194
0.13924050632911392,0.16666666666666666
0.12658227848101267,0.15384615384615385
0.12658227848101267,0.15625
0.11392405063291139,0.14285714285714285
0.10126582278481013,0.12903225806451613
0.10126582278481013,0.13114754098360656
0.10126582278481013,0.13333333333333333
0.08860759493670886,0.11864406779661017
0.08860759493670886,0.1206896551724138
0.0759493670886076,0.10526315789473684
0.06329113924050633,0.08928571428571429
0.06329113924050633,0.09090909090909091
0.05063291139240506,0.07407407407407407
0.05063291139240506,0.07547169811320754
0.0379746835443038,0.057692307692307696
0.0379746835443038,0.058823529411764705
0.02531645569620253,0.04
0.02531645569620253,0.04081632653061224
0.012658227848101266,0.020833333333333332
0.012658227848101266,0.02127659574468085
0.012658227848101266,0.021739130434782608
0.012658227848101266,0.022222222222222223
0.012658227848101266,0.022727272727272728
0.012658227848101266,0.023255813953488372
0.012658227848101266,0.023809523809523808
0.0,0.0
0.0,0.0
0.0,0.0
0.0,0.0
0.0,0.0
0.0,0.0
0.0,0.0
0.0,0.0
0.0,0.0
0.0,0.0
0.0,0.0
0.0,0.0
0.0,0.0
0.0,0.0
0.0,0.0
0.0,0.0
0.0,0.0
0.0,0.0
0.0,0.0
0.0,0.0
0.0,0.0
0.0,0.0
0.0,0.0
0.0,0.0
0.0,0.0
0.0,0.0
0.0,0.0
0.0,0.0
0.0,0.0
0.0,0.0
0.0,0.0
0.0,0.0
0.0,0.0
0.0,0.0
0.0,0.0
0.0,0.0
0.0,0.0
0.0,0.0
0.0,0.0
0.0,0.0
0.0,0.0
0.0,1.0
